customerNumber,customerName,firstName,lastName,phone,addressLine1,city,state,country,creditLimit,segment
1,James Garcia,James,Garcia,+81-3-4689-5202,6002 Maple Road,Kyoto,,Japan,79397,Regular
2,Patricia Smith,Patricia,Smith,+1-928-555-0002,8186 Main Street,Toronto,TX,Canada,80078,Regular
3,Michael Johnson,Michael,Johnson,+1-555-0003,5927 Main Street,New York,CA,USA,25538,Enterprise
4,John Miller,John,Miller,+1-555-0004,9977 Elm Boulevard,Houston,NY,USA,10232,Premium
5,Michael Jones,Michael,Jones,+49-30-5232-888,174 Elm Boulevard,Munich,,Germany,96836,Enterprise
6,John Williams,John,Williams,+44-20-5704-7580,7270 Cedar Lane,Birmingham,,UK,62785,Premium
7,William Jones,William,Jones,+1-555-0007,8454 Main Street,Houston,CA,USA,82932,Premium
8,Michael Johnson,Michael,Johnson,+81-3-5036-7653,3540 Elm Boulevard,Osaka,,Japan,27361,Enterprise
9,Patricia Garcia,Patricia,Garcia,+44-20-1962-7586,8553 Elm Boulevard,Manchester,,UK,44010,Regular
10,Mary Williams,Mary,Williams,+1-555-0010,4526 Main Street,New York,NY,USA,57768,Regular
11,Michael Davis,Michael,Davis,+1-881-555-0011,7937 Main Street,Vancouver,ON,Canada,48180,Regular
12,Michael Martinez,Michael,Martinez,+33-1-6105-5207,9070 Oak Avenue,Paris,,France,30391,Regular
13,William Davis,William,Davis,+61-2-6368-2286,3926 Pine Street,Brisbane,,Australia,73902,Premium
14,Elizabeth Smith,Elizabeth,Smith,+81-3-1490-9123,1974 Oak Avenue,Kyoto,,Japan,95762,Premium
15,William Davis,William,Davis,+1-666-555-0015,9372 Oak Avenue,Vancouver,CA,Canada,20195,Regular
16,Patricia Brown,Patricia,Brown,+33-1-7392-5081,1768 Main Street,Marseille,,France,35388,Premium
17,Patricia Jones,Patricia,Jones,+49-30-2108-949,1835 Main Street,Hamburg,,Germany,49425,Regular
18,Jennifer Rodriguez,Jennifer,Rodriguez,+61-2-3456-6095,3968 Cedar Lane,Brisbane,,Australia,23674,Regular
19,Linda Johnson,Linda,Johnson,+49-30-9596-132,508 Oak Avenue,Berlin,,Germany,64792,Regular
20,William Davis,William,Davis,+33-1-7700-7780,3733 Main Street,Paris,,France,51902,Enterprise
21,Patricia Garcia,Patricia,Garcia,+81-3-3316-5001,7315 Oak Avenue,Kyoto,,Japan,61801,Premium
22,Elizabeth Rodriguez,Elizabeth,Rodriguez,+61-2-5601-1741,1672 Maple Road,Brisbane,,Australia,23334,Regular
23,William Johnson,William,Johnson,+44-20-2943-5433,6667 Pine Street,Birmingham,,UK,51304,Premium
24,Mary Jones,Mary,Jones,+81-3-4458-2349,9931 Main Street,Tokyo,,Japan,80522,Enterprise
25,Patricia Brown,Patricia,Brown,+1-525-555-0025,876 Main Street,Montreal,BC,Canada,21772,Enterprise
26,Linda Williams,Linda,Williams,+61-2-5663-3630,4999 Main Street,Brisbane,,Australia,77919,Premium
27,John Williams,John,Williams,+49-30-8779-356,7935 Oak Avenue,Munich,,Germany,55167,Regular
28,Robert Davis,Robert,Davis,+44-20-5547-2064,2179 Main Street,Manchester,,UK,19225,Regular
29,James Williams,James,Williams,+44-20-6378-6013,2884 Maple Road,Birmingham,,UK,89228,Premium
30,Linda Jones,Linda,Jones,+1-249-555-0030,8571 Cedar Lane,Toronto,BC,Canada,26866,Enterprise
31,Mary Martinez,Mary,Martinez,+1-791-555-0031,7023 Maple Road,Vancouver,CA,Canada,78905,Regular
32,James Miller,James,Miller,+33-1-4363-4494,7047 Main Street,Lyon,,France,76842,Enterprise
33,James Miller,James,Miller,+33-1-8453-3159,8803 Main Street,Lyon,,France,22173,Regular
34,William Smith,William,Smith,+61-2-4715-6537,5447 Elm Boulevard,Melbourne,,Australia,31838,Premium
35,Linda Smith,Linda,Smith,+81-3-2071-5519,5488 Cedar Lane,Osaka,,Japan,57749,Regular
36,Mary Garcia,Mary,Garcia,+81-3-7878-3194,980 Elm Boulevard,Kyoto,,Japan,22601,Enterprise
37,Mary Garcia,Mary,Garcia,+1-578-555-0037,9511 Elm Boulevard,Vancouver,ON,Canada,34875,Regular
38,John Rodriguez,John,Rodriguez,+1-242-555-0038,4581 Main Street,Toronto,TX,Canada,45526,Regular
39,Mary Davis,Mary,Davis,+44-20-3106-6878,9699 Cedar Lane,London,,UK,23495,Regular
40,Michael Garcia,Michael,Garcia,+44-20-4185-9564,3330 Pine Street,London,,UK,40163,Premium
41,Mary Johnson,Mary,Johnson,+33-1-8343-2220,1414 Pine Street,Lyon,,France,39019,Enterprise
42,Jennifer Smith,Jennifer,Smith,+33-1-5105-9320,2909 Oak Avenue,Marseille,,France,30118,Enterprise
43,Patricia Garcia,Patricia,Garcia,+1-555-0043,9099 Main Street,Chicago,QC,USA,69072,Enterprise
44,Michael Garcia,Michael,Garcia,+61-2-8059-5798,1942 Cedar Lane,Melbourne,,Australia,38548,Premium
45,Elizabeth Rodriguez,Elizabeth,Rodriguez,+33-1-9952-5961,9764 Cedar Lane,Paris,,France,36824,Regular
46,Michael Rodriguez,Michael,Rodriguez,+81-3-7769-5436,1773 Main Street,Tokyo,,Japan,24449,Regular
47,Linda Jones,Linda,Jones,+61-2-9416-1536,4219 Cedar Lane,Melbourne,,Australia,37482,Regular
48,Elizabeth Davis,Elizabeth,Davis,+33-1-8665-6280,3808 Maple Road,Lyon,,France,95835,Regular
49,William Davis,William,Davis,+1-555-0049,5401 Main Street,Chicago,TX,USA,36088,Enterprise
50,William Smith,William,Smith,+33-1-9833-6875,8889 Maple Road,Paris,,France,85472,Enterprise
51,John Davis,John,Davis,+61-2-9602-4842,6329 Cedar Lane,Brisbane,,Australia,44311,Enterprise
52,John Johnson,John,Johnson,+49-30-4215-738,6929 Cedar Lane,Berlin,,Germany,11170,Regular
53,Patricia Jones,Patricia,Jones,+61-2-1518-6965,1066 Pine Street,Melbourne,,Australia,25021,Premium
54,Michael Martinez,Michael,Martinez,+1-839-555-0054,1548 Elm Boulevard,Vancouver,ON,Canada,12720,Enterprise
55,James Williams,James,Williams,+61-2-6642-4426,9100 Maple Road,Sydney,,Australia,50473,Regular
56,Linda Rodriguez,Linda,Rodriguez,+49-30-2617-320,150 Main Street,Hamburg,,Germany,82562,Enterprise
57,Elizabeth Brown,Elizabeth,Brown,+61-2-2973-6135,7514 Pine Street,Melbourne,,Australia,25812,Regular
58,James Martinez,James,Martinez,+1-442-555-0058,4331 Main Street,Toronto,NY,Canada,54338,Premium
59,Jennifer Williams,Jennifer,Williams,+44-20-5699-1950,926 Main Street,Manchester,,UK,35720,Premium
60,William Williams,William,Williams,+1-555-0060,792 Main Street,New York,BC,USA,36453,Premium
61,Mary Brown,Mary,Brown,+81-3-3219-9730,4369 Oak Avenue,Osaka,,Japan,70087,Regular
62,Linda Rodriguez,Linda,Rodriguez,+44-20-1784-3980,4268 Pine Street,London,,UK,48771,Enterprise
63,Linda Miller,Linda,Miller,+33-1-2329-9562,6612 Cedar Lane,Paris,,France,59490,Enterprise
64,Robert Davis,Robert,Davis,+44-20-7524-2409,4884 Pine Street,London,,UK,42712,Premium
65,Patricia Williams,Patricia,Williams,+33-1-6116-4870,6051 Pine Street,Lyon,,France,17692,Enterprise
66,Patricia Garcia,Patricia,Garcia,+81-3-1099-5020,4932 Cedar Lane,Osaka,,Japan,71556,Regular
67,Jennifer Williams,Jennifer,Williams,+61-2-7072-5347,8434 Cedar Lane,Melbourne,,Australia,80451,Enterprise
68,Jennifer Martinez,Jennifer,Martinez,+1-868-555-0068,6549 Main Street,Vancouver,CA,Canada,21388,Premium
69,Jennifer Williams,Jennifer,Williams,+61-2-7076-2589,6341 Elm Boulevard,Melbourne,,Australia,39159,Enterprise
70,John Davis,John,Davis,+61-2-7410-2362,4103 Maple Road,Brisbane,,Australia,23312,Enterprise
71,Patricia Smith,Patricia,Smith,+33-1-4284-4747,1112 Maple Road,Marseille,,France,14215,Premium
72,Patricia Rodriguez,Patricia,Rodriguez,+1-228-555-0072,7757 Elm Boulevard,Montreal,ON,Canada,20216,Regular
73,John Garcia,John,Garcia,+33-1-3314-8161,8721 Main Street,Paris,,France,21552,Regular
74,Linda Jones,Linda,Jones,+33-1-6606-5414,5438 Cedar Lane,Marseille,,France,49008,Regular
75,Jennifer Garcia,Jennifer,Garcia,+1-555-0075,9731 Maple Road,Los Angeles,ON,USA,48937,Enterprise
76,Linda Johnson,Linda,Johnson,+33-1-3905-9635,7946 Pine Street,Marseille,,France,30228,Regular
77,Linda Martinez,Linda,Martinez,+33-1-9752-5895,6031 Elm Boulevard,Paris,,France,44714,Regular
78,John Miller,John,Miller,+1-543-555-0078,423 Pine Street,Montreal,BC,Canada,66636,Enterprise
79,Elizabeth Williams,Elizabeth,Williams,+81-3-6397-9164,7161 Main Street,Kyoto,,Japan,72976,Premium
80,James Miller,James,Miller,+81-3-5337-9051,3944 Cedar Lane,Kyoto,,Japan,90219,Premium
81,Patricia Williams,Patricia,Williams,+1-798-555-0081,2289 Cedar Lane,Montreal,QC,Canada,93449,Regular
82,John Martinez,John,Martinez,+81-3-1123-8303,2968 Pine Street,Tokyo,,Japan,46342,Regular
83,James Jones,James,Jones,+1-555-0083,545 Maple Road,Los Angeles,NY,USA,53319,Enterprise
84,Michael Smith,Michael,Smith,+1-555-0084,8841 Elm Boulevard,New York,CA,USA,70068,Enterprise
85,Robert Miller,Robert,Miller,+1-555-0085,9263 Oak Avenue,Chicago,CA,USA,64225,Regular
86,Jennifer Brown,Jennifer,Brown,+49-30-1770-181,2321 Pine Street,Munich,,Germany,98403,Regular
87,Jennifer Davis,Jennifer,Davis,+1-555-0087,209 Cedar Lane,Chicago,TX,USA,88644,Enterprise
88,Patricia Martinez,Patricia,Martinez,+49-30-1014-452,9919 Main Street,Berlin,,Germany,77333,Premium
89,Michael Jones,Michael,Jones,+1-306-555-0089,9284 Main Street,Toronto,QC,Canada,28973,Regular
90,Michael Martinez,Michael,Martinez,+1-535-555-0090,3535 Pine Street,Vancouver,ON,Canada,23386,Regular
91,Robert Brown,Robert,Brown,+1-812-555-0091,6228 Maple Road,Vancouver,ON,Canada,16042,Premium
92,William Rodriguez,William,Rodriguez,+81-3-6664-3862,5088 Maple Road,Osaka,,Japan,60159,Premium
93,Linda Rodriguez,Linda,Rodriguez,+49-30-2316-117,7120 Main Street,Berlin,,Germany,73753,Premium
94,John Martinez,John,Martinez,+33-1-9445-9976,1471 Elm Boulevard,Lyon,,France,38453,Enterprise
95,Michael Martinez,Michael,Martinez,+1-329-555-0095,3683 Maple Road,Vancouver,ON,Canada,12110,Regular
96,Mary Martinez,Mary,Martinez,+33-1-3960-5055,9083 Pine Street,Lyon,,France,41729,Premium
97,Patricia Williams,Patricia,Williams,+81-3-2175-2209,3359 Maple Road,Tokyo,,Japan,44689,Premium
98,Jennifer Williams,Jennifer,Williams,+33-1-7190-1712,1919 Oak Avenue,Paris,,France,50386,Regular
99,James Martinez,James,Martinez,+49-30-2511-141,7276 Maple Road,Hamburg,,Germany,66302,Regular
100,Robert Williams,Robert,Williams,+81-3-8307-7158,963 Pine Street,Kyoto,,Japan,21522,Enterprise
101,Patricia Williams,Patricia,Williams,+1-555-0101,6109 Maple Road,Houston,CA,USA,64232,Regular
102,Patricia Williams,Patricia,Williams,+49-30-2506-735,7436 Maple Road,Hamburg,,Germany,40272,Regular
103,Robert Johnson,Robert,Johnson,+44-20-5746-5436,5151 Maple Road,London,,UK,72889,Regular
104,Linda Jones,Linda,Jones,+33-1-8930-8292,4909 Cedar Lane,Lyon,,France,76853,Regular
105,James Smith,James,Smith,+44-20-6821-4705,2163 Main Street,Birmingham,,UK,42906,Regular
106,Jennifer Miller,Jennifer,Miller,+61-2-2038-3055,4561 Maple Road,Melbourne,,Australia,55579,Regular
107,William Smith,William,Smith,+1-233-555-0107,9440 Elm Boulevard,Montreal,NY,Canada,51105,Enterprise
108,Robert Davis,Robert,Davis,+61-2-7173-8246,3918 Oak Avenue,Brisbane,,Australia,80970,Regular
109,Patricia Garcia,Patricia,Garcia,+81-3-9410-2559,9180 Maple Road,Tokyo,,Japan,46509,Premium
110,William Davis,William,Davis,+61-2-9693-1252,7080 Elm Boulevard,Sydney,,Australia,83705,Premium
111,Mary Williams,Mary,Williams,+61-2-5853-3333,1489 Pine Street,Sydney,,Australia,17276,Premium
112,Michael Brown,Michael,Brown,+44-20-3063-4153,1470 Maple Road,Manchester,,UK,92178,Enterprise
113,Mary Johnson,Mary,Johnson,+1-555-0113,1050 Elm Boulevard,Houston,QC,USA,84736,Enterprise
114,Patricia Martinez,Patricia,Martinez,+44-20-5486-5044,1624 Main Street,Manchester,,UK,44128,Enterprise
115,Patricia Brown,Patricia,Brown,+81-3-3387-9853,7147 Maple Road,Osaka,,Japan,88850,Regular
116,William Davis,William,Davis,+1-439-555-0116,1600 Elm Boulevard,Montreal,QC,Canada,68457,Premium
117,Michael Martinez,Michael,Martinez,+44-20-8269-9510,1272 Main Street,London,,UK,77363,Enterprise
118,Linda Martinez,Linda,Martinez,+81-3-7479-2626,4016 Oak Avenue,Tokyo,,Japan,44243,Premium
119,Jennifer Johnson,Jennifer,Johnson,+49-30-7879-479,407 Elm Boulevard,Hamburg,,Germany,84502,Regular
120,Elizabeth Smith,Elizabeth,Smith,+44-20-9302-1487,4406 Cedar Lane,Birmingham,,UK,17513,Enterprise
121,John Martinez,John,Martinez,+1-908-555-0121,6399 Cedar Lane,Toronto,TX,Canada,88383,Enterprise
122,William Garcia,William,Garcia,+44-20-1648-2827,2994 Cedar Lane,London,,UK,26339,Enterprise
123,Mary Martinez,Mary,Martinez,+44-20-7381-2718,464 Pine Street,Birmingham,,UK,47457,Premium
124,Mary Davis,Mary,Davis,+1-210-555-0124,317 Oak Avenue,Toronto,QC,Canada,95905,Premium
125,John Rodriguez,John,Rodriguez,+49-30-7108-864,7068 Maple Road,Munich,,Germany,26762,Regular
126,Jennifer Miller,Jennifer,Miller,+61-2-3899-2021,4601 Oak Avenue,Melbourne,,Australia,71082,Enterprise
127,Patricia Miller,Patricia,Miller,+81-3-3433-1718,4003 Main Street,Osaka,,Japan,11681,Enterprise
128,Robert Martinez,Robert,Martinez,+1-555-0128,3127 Pine Street,Houston,NY,USA,75125,Regular
129,Elizabeth Williams,Elizabeth,Williams,+61-2-8152-7093,3090 Elm Boulevard,Melbourne,,Australia,37100,Regular
130,James Garcia,James,Garcia,+1-555-0130,7978 Maple Road,Chicago,QC,USA,10488,Premium
131,Mary Miller,Mary,Miller,+49-30-1313-664,1833 Cedar Lane,Berlin,,Germany,94449,Premium
132,Linda Davis,Linda,Davis,+1-717-555-0132,1311 Cedar Lane,Toronto,BC,Canada,16140,Premium
133,Elizabeth Johnson,Elizabeth,Johnson,+1-555-0133,828 Oak Avenue,Houston,QC,USA,33302,Premium
134,William Jones,William,Jones,+81-3-6322-3930,2173 Main Street,Tokyo,,Japan,62580,Enterprise
135,Elizabeth Miller,Elizabeth,Miller,+1-283-555-0135,5412 Elm Boulevard,Toronto,TX,Canada,28242,Enterprise
136,Robert Brown,Robert,Brown,+44-20-4756-9919,3656 Oak Avenue,London,,UK,63808,Enterprise
137,Patricia Garcia,Patricia,Garcia,+61-2-5676-6572,5589 Cedar Lane,Brisbane,,Australia,65821,Enterprise
138,Michael Davis,Michael,Davis,+61-2-2075-1439,7481 Pine Street,Sydney,,Australia,76775,Enterprise
139,Jennifer Davis,Jennifer,Davis,+1-555-0139,5898 Pine Street,New York,ON,USA,32178,Enterprise
140,John Martinez,John,Martinez,+44-20-6905-9661,3706 Oak Avenue,London,,UK,86051,Regular
141,Elizabeth Miller,Elizabeth,Miller,+1-555-0141,1079 Cedar Lane,New York,CA,USA,20096,Premium
142,William Rodriguez,William,Rodriguez,+33-1-9077-2028,8472 Cedar Lane,Marseille,,France,14181,Regular
143,John Williams,John,Williams,+33-1-8146-5560,5358 Oak Avenue,Paris,,France,67007,Premium
144,James Martinez,James,Martinez,+1-555-0144,2849 Main Street,Los Angeles,BC,USA,54400,Regular
145,Elizabeth Smith,Elizabeth,Smith,+49-30-6869-601,2902 Pine Street,Munich,,Germany,87083,Regular
146,Elizabeth Martinez,Elizabeth,Martinez,+33-1-1634-1533,3713 Cedar Lane,Paris,,France,17437,Premium
147,John Miller,John,Miller,+1-555-0147,436 Pine Street,Chicago,ON,USA,61234,Premium
148,Michael Jones,Michael,Jones,+1-465-555-0148,4994 Pine Street,Montreal,ON,Canada,84986,Premium
149,Robert Davis,Robert,Davis,+44-20-7352-6402,6583 Elm Boulevard,Birmingham,,UK,31985,Premium
150,Robert Johnson,Robert,Johnson,+1-472-555-0150,6811 Pine Street,Toronto,ON,Canada,35032,Enterprise
151,Linda Miller,Linda,Miller,+33-1-7535-5087,6078 Oak Avenue,Paris,,France,10695,Regular
152,John Miller,John,Miller,+33-1-2543-3436,7515 Oak Avenue,Marseille,,France,36098,Enterprise
153,John Rodriguez,John,Rodriguez,+1-260-555-0153,3983 Pine Street,Montreal,BC,Canada,20872,Enterprise
154,John Smith,John,Smith,+44-20-4239-5975,845 Maple Road,Birmingham,,UK,70514,Premium
155,William Smith,William,Smith,+81-3-3425-5738,717 Elm Boulevard,Kyoto,,Japan,93756,Premium
156,Robert Williams,Robert,Williams,+81-3-5254-8000,1848 Cedar Lane,Kyoto,,Japan,13791,Premium
157,Jennifer Brown,Jennifer,Brown,+1-555-0157,6522 Main Street,Los Angeles,ON,USA,93955,Premium
158,Michael Martinez,Michael,Martinez,+1-555-0158,7105 Elm Boulevard,Houston,TX,USA,58922,Premium
159,John Brown,John,Brown,+61-2-9144-5450,4121 Maple Road,Sydney,,Australia,61684,Premium
160,Patricia Brown,Patricia,Brown,+61-2-9264-1398,6240 Elm Boulevard,Melbourne,,Australia,16330,Premium
161,Jennifer Rodriguez,Jennifer,Rodriguez,+49-30-5947-147,7238 Elm Boulevard,Munich,,Germany,67334,Regular
162,Elizabeth Johnson,Elizabeth,Johnson,+81-3-2248-6121,2025 Elm Boulevard,Osaka,,Japan,63456,Enterprise
163,John Williams,John,Williams,+61-2-4101-9385,4894 Oak Avenue,Melbourne,,Australia,33865,Enterprise
164,Patricia Garcia,Patricia,Garcia,+1-555-0164,4426 Pine Street,Chicago,CA,USA,32888,Enterprise
165,Elizabeth Davis,Elizabeth,Davis,+49-30-9224-152,3447 Main Street,Hamburg,,Germany,14976,Regular
166,Patricia Rodriguez,Patricia,Rodriguez,+44-20-1837-2503,6869 Main Street,London,,UK,51729,Premium
167,Robert Martinez,Robert,Martinez,+44-20-7121-9561,3015 Pine Street,Birmingham,,UK,74115,Regular
168,Patricia Brown,Patricia,Brown,+33-1-1430-6837,3521 Elm Boulevard,Paris,,France,37487,Premium
169,Patricia Garcia,Patricia,Garcia,+1-358-555-0169,3528 Pine Street,Toronto,QC,Canada,20275,Premium
170,Linda Garcia,Linda,Garcia,+33-1-2178-9332,3171 Maple Road,Lyon,,France,78791,Regular
171,Jennifer Martinez,Jennifer,Martinez,+1-346-555-0171,3227 Pine Street,Montreal,NY,Canada,49795,Regular
172,Mary Rodriguez,Mary,Rodriguez,+1-805-555-0172,3125 Oak Avenue,Toronto,BC,Canada,61985,Enterprise
173,John Williams,John,Williams,+44-20-4421-1764,8515 Oak Avenue,Birmingham,,UK,86780,Premium
174,Mary Davis,Mary,Davis,+33-1-5508-2781,9964 Maple Road,Marseille,,France,72284,Enterprise
175,Michael Williams,Michael,Williams,+81-3-1682-6785,9185 Oak Avenue,Kyoto,,Japan,38417,Regular
176,Patricia Miller,Patricia,Miller,+33-1-4803-2712,8316 Maple Road,Paris,,France,80539,Premium
177,Michael Johnson,Michael,Johnson,+1-555-0177,6645 Cedar Lane,Los Angeles,BC,USA,43894,Premium
178,Elizabeth Davis,Elizabeth,Davis,+1-676-555-0178,5473 Elm Boulevard,Vancouver,CA,Canada,87818,Premium
179,Elizabeth Smith,Elizabeth,Smith,+33-1-3445-8865,5164 Maple Road,Lyon,,France,91085,Regular
180,Mary Brown,Mary,Brown,+81-3-1813-1419,3891 Main Street,Osaka,,Japan,34619,Premium
181,John Martinez,John,Martinez,+44-20-7934-3994,1942 Pine Street,Birmingham,,UK,83619,Enterprise
182,Patricia Williams,Patricia,Williams,+44-20-3866-9083,5817 Cedar Lane,Manchester,,UK,97439,Enterprise
183,Linda Miller,Linda,Miller,+33-1-7634-2508,3175 Elm Boulevard,Lyon,,France,97080,Enterprise
184,Robert Johnson,Robert,Johnson,+1-555-0184,6213 Elm Boulevard,Chicago,TX,USA,58232,Enterprise
185,James Martinez,James,Martinez,+49-30-5932-454,3048 Elm Boulevard,Berlin,,Germany,17428,Enterprise
186,James Brown,James,Brown,+49-30-5061-488,8311 Oak Avenue,Hamburg,,Germany,77280,Premium
187,William Jones,William,Jones,+81-3-4556-7905,8323 Elm Boulevard,Tokyo,,Japan,81054,Regular
188,Patricia Smith,Patricia,Smith,+1-917-555-0188,9579 Main Street,Vancouver,BC,Canada,81048,Regular
189,Linda Johnson,Linda,Johnson,+81-3-9216-1748,9790 Pine Street,Osaka,,Japan,58287,Premium
190,Michael Williams,Michael,Williams,+33-1-8962-2825,1126 Pine Street,Paris,,France,99860,Premium
191,Mary Martinez,Mary,Martinez,+1-555-0191,8487 Oak Avenue,New York,NY,USA,68855,Premium
192,James Jones,James,Jones,+33-1-6502-8774,7620 Main Street,Marseille,,France,78460,Premium
193,Jennifer Martinez,Jennifer,Martinez,+33-1-4447-4717,3603 Elm Boulevard,Marseille,,France,52144,Enterprise
194,Jennifer Garcia,Jennifer,Garcia,+81-3-3770-9424,7724 Pine Street,Kyoto,,Japan,39878,Regular
195,Elizabeth Johnson,Elizabeth,Johnson,+49-30-5510-374,7956 Main Street,Berlin,,Germany,23244,Enterprise
196,John Davis,John,Davis,+61-2-4506-3834,5085 Pine Street,Sydney,,Australia,88032,Premium
197,William Jones,William,Jones,+1-392-555-0197,4879 Oak Avenue,Montreal,ON,Canada,89941,Enterprise
198,Linda Rodriguez,Linda,Rodriguez,+61-2-5152-7270,9557 Pine Street,Brisbane,,Australia,20021,Premium
199,Jennifer Smith,Jennifer,Smith,+81-3-6159-9058,1916 Pine Street,Osaka,,Japan,80748,Regular
200,Elizabeth Williams,Elizabeth,Williams,+44-20-8973-5633,2928 Pine Street,London,,UK,41502,Premium
201,Mary Williams,Mary,Williams,+1-555-0201,5254 Cedar Lane,Houston,ON,USA,12539,Premium
202,John Davis,John,Davis,+1-555-0202,9604 Maple Road,Houston,BC,USA,34799,Premium
203,Patricia Miller,Patricia,Miller,+49-30-3484-587,6961 Pine Street,Hamburg,,Germany,29660,Enterprise
204,Michael Jones,Michael,Jones,+44-20-9508-3629,3945 Maple Road,Birmingham,,UK,94084,Premium
205,Linda Jones,Linda,Jones,+33-1-7000-2047,4061 Pine Street,Paris,,France,92202,Enterprise
206,Patricia Garcia,Patricia,Garcia,+1-555-0206,4037 Elm Boulevard,Los Angeles,QC,USA,97545,Regular
207,William Garcia,William,Garcia,+1-674-555-0207,4611 Main Street,Montreal,NY,Canada,55179,Enterprise
208,Michael Davis,Michael,Davis,+49-30-6676-544,2446 Oak Avenue,Hamburg,,Germany,39111,Regular
209,John Jones,John,Jones,+44-20-2161-5000,5741 Maple Road,London,,UK,62512,Regular
210,Mary Garcia,Mary,Garcia,+1-993-555-0210,102 Maple Road,Toronto,CA,Canada,15533,Enterprise
211,William Miller,William,Miller,+1-330-555-0211,6728 Maple Road,Toronto,ON,Canada,21280,Premium
212,Robert Williams,Robert,Williams,+1-563-555-0212,6935 Elm Boulevard,Vancouver,ON,Canada,34695,Enterprise
213,Michael Williams,Michael,Williams,+1-461-555-0213,8778 Maple Road,Montreal,CA,Canada,28310,Regular
214,Linda Rodriguez,Linda,Rodriguez,+49-30-3694-767,7991 Cedar Lane,Hamburg,,Germany,61934,Premium
215,John Williams,John,Williams,+81-3-7524-1994,5171 Main Street,Tokyo,,Japan,44295,Regular
216,Mary Smith,Mary,Smith,+61-2-6831-9648,9270 Oak Avenue,Melbourne,,Australia,46206,Enterprise
217,John Williams,John,Williams,+1-771-555-0217,276 Oak Avenue,Montreal,CA,Canada,74941,Regular
218,Elizabeth Miller,Elizabeth,Miller,+44-20-9955-2476,868 Main Street,London,,UK,63338,Regular
219,Linda Garcia,Linda,Garcia,+1-861-555-0219,2747 Cedar Lane,Montreal,NY,Canada,65411,Enterprise
220,John Johnson,John,Johnson,+44-20-6657-2727,7482 Maple Road,Manchester,,UK,21543,Premium
221,William Jones,William,Jones,+81-3-1988-1436,8170 Pine Street,Osaka,,Japan,66430,Premium
222,Elizabeth Miller,Elizabeth,Miller,+49-30-5611-484,7300 Main Street,Berlin,,Germany,58177,Enterprise
223,Patricia Martinez,Patricia,Martinez,+61-2-2208-2858,7217 Cedar Lane,Brisbane,,Australia,36586,Enterprise
224,William Martinez,William,Martinez,+1-555-0224,2368 Maple Road,Chicago,NY,USA,18789,Premium
225,William Jones,William,Jones,+81-3-7249-1868,8398 Pine Street,Kyoto,,Japan,69666,Regular
226,John Jones,John,Jones,+33-1-5999-6592,127 Cedar Lane,Paris,,France,36326,Regular
227,James Jones,James,Jones,+81-3-7875-7755,6109 Cedar Lane,Tokyo,,Japan,64597,Enterprise
228,John Johnson,John,Johnson,+81-3-9296-2952,560 Elm Boulevard,Kyoto,,Japan,12772,Regular
229,Elizabeth Brown,Elizabeth,Brown,+81-3-4795-2859,6076 Maple Road,Tokyo,,Japan,24455,Premium
230,Robert Jones,Robert,Jones,+81-3-9588-7103,5072 Maple Road,Tokyo,,Japan,26902,Premium
231,William Brown,William,Brown,+1-555-0231,2680 Elm Boulevard,Chicago,QC,USA,75814,Premium
232,Mary Smith,Mary,Smith,+33-1-6875-8364,1006 Pine Street,Marseille,,France,41712,Enterprise
233,Jennifer Davis,Jennifer,Davis,+81-3-7103-7609,5272 Pine Street,Osaka,,Japan,50157,Enterprise
234,James Johnson,James,Johnson,+81-3-9538-3574,6242 Maple Road,Osaka,,Japan,16481,Regular
235,Robert Jones,Robert,Jones,+1-555-0235,4883 Cedar Lane,Houston,TX,USA,84151,Enterprise
236,James Smith,James,Smith,+81-3-2469-2497,2209 Maple Road,Tokyo,,Japan,61418,Premium
237,Mary Williams,Mary,Williams,+61-2-6556-5287,654 Maple Road,Brisbane,,Australia,75398,Regular
238,Patricia Rodriguez,Patricia,Rodriguez,+61-2-2811-8356,648 Pine Street,Melbourne,,Australia,63996,Enterprise
239,Patricia Garcia,Patricia,Garcia,+44-20-3547-6533,9220 Oak Avenue,London,,UK,10632,Regular
240,John Brown,John,Brown,+1-555-0240,8463 Oak Avenue,Houston,NY,USA,54587,Premium
241,James Williams,James,Williams,+1-552-555-0241,8049 Oak Avenue,Montreal,QC,Canada,60236,Premium
242,Mary Brown,Mary,Brown,+61-2-8297-6842,2676 Oak Avenue,Sydney,,Australia,65825,Regular
243,James Johnson,James,Johnson,+44-20-3532-2895,4675 Main Street,Manchester,,UK,22468,Premium
244,Patricia Jones,Patricia,Jones,+1-555-0244,4043 Oak Avenue,Los Angeles,NY,USA,98801,Premium
245,James Garcia,James,Garcia,+61-2-5399-4611,7652 Maple Road,Brisbane,,Australia,69666,Regular
246,Michael Williams,Michael,Williams,+1-555-0246,2406 Pine Street,Chicago,TX,USA,14136,Regular
247,Elizabeth Garcia,Elizabeth,Garcia,+49-30-1665-583,6807 Cedar Lane,Hamburg,,Germany,32115,Enterprise
248,Jennifer Miller,Jennifer,Miller,+49-30-2259-655,2288 Maple Road,Berlin,,Germany,78554,Premium
249,William Jones,William,Jones,+61-2-3412-1272,8587 Cedar Lane,Brisbane,,Australia,14219,Enterprise
250,Mary Rodriguez,Mary,Rodriguez,+33-1-6859-8722,5860 Cedar Lane,Marseille,,France,71553,Premium
251,Elizabeth Martinez,Elizabeth,Martinez,+1-555-0251,6672 Elm Boulevard,New York,BC,USA,16365,Enterprise
252,Elizabeth Miller,Elizabeth,Miller,+1-296-555-0252,924 Elm Boulevard,Toronto,CA,Canada,14487,Premium
253,Jennifer Davis,Jennifer,Davis,+44-20-1552-1439,7154 Oak Avenue,Birmingham,,UK,76747,Premium
254,James Johnson,James,Johnson,+33-1-4756-3001,145 Main Street,Lyon,,France,88807,Regular
255,Robert Miller,Robert,Miller,+49-30-5970-892,1961 Elm Boulevard,Hamburg,,Germany,73857,Premium
256,Mary Martinez,Mary,Martinez,+49-30-8820-274,2326 Oak Avenue,Berlin,,Germany,57039,Enterprise
257,Robert Jones,Robert,Jones,+49-30-2638-187,3050 Pine Street,Hamburg,,Germany,90699,Regular
258,Jennifer Williams,Jennifer,Williams,+49-30-3814-155,5752 Elm Boulevard,Berlin,,Germany,16710,Enterprise
259,William Williams,William,Williams,+81-3-4725-8196,8066 Pine Street,Tokyo,,Japan,93073,Regular
260,Robert Brown,Robert,Brown,+49-30-9835-543,647 Elm Boulevard,Munich,,Germany,15544,Enterprise
261,Elizabeth Garcia,Elizabeth,Garcia,+1-875-555-0261,2649 Cedar Lane,Vancouver,CA,Canada,21489,Enterprise
262,Patricia Smith,Patricia,Smith,+81-3-1440-8807,671 Elm Boulevard,Tokyo,,Japan,42269,Enterprise
263,Robert Johnson,Robert,Johnson,+81-3-1135-8258,2661 Cedar Lane,Tokyo,,Japan,72986,Premium
264,Patricia Jones,Patricia,Jones,+49-30-6523-546,5892 Cedar Lane,Berlin,,Germany,51164,Premium
265,Robert Davis,Robert,Davis,+61-2-9844-1515,9903 Oak Avenue,Brisbane,,Australia,63729,Premium
266,James Garcia,James,Garcia,+1-204-555-0266,2544 Elm Boulevard,Vancouver,BC,Canada,62628,Enterprise
267,Robert Martinez,Robert,Martinez,+44-20-5480-9325,8124 Elm Boulevard,London,,UK,13834,Premium
268,Mary Davis,Mary,Davis,+81-3-1727-2921,6189 Oak Avenue,Kyoto,,Japan,24138,Premium
269,Michael Davis,Michael,Davis,+1-401-555-0269,2660 Cedar Lane,Toronto,QC,Canada,85655,Premium
270,William Williams,William,Williams,+33-1-2112-4461,2978 Pine Street,Paris,,France,89442,Enterprise
271,Mary Miller,Mary,Miller,+1-555-0271,6484 Main Street,New York,TX,USA,13589,Regular
272,James Jones,James,Jones,+33-1-9993-1617,2923 Main Street,Lyon,,France,16317,Enterprise
273,Michael Johnson,Michael,Johnson,+33-1-2584-8737,9359 Elm Boulevard,Marseille,,France,73585,Regular
274,Patricia Davis,Patricia,Davis,+61-2-1691-4584,4419 Oak Avenue,Melbourne,,Australia,43186,Enterprise
275,Patricia Williams,Patricia,Williams,+33-1-8253-5552,2330 Oak Avenue,Marseille,,France,11474,Premium
276,Michael Garcia,Michael,Garcia,+1-851-555-0276,7513 Elm Boulevard,Toronto,ON,Canada,76698,Enterprise
277,Mary Martinez,Mary,Martinez,+1-555-0277,5369 Main Street,Los Angeles,ON,USA,71567,Premium
278,Mary Miller,Mary,Miller,+61-2-1576-6735,3204 Main Street,Brisbane,,Australia,37929,Regular
279,Elizabeth Williams,Elizabeth,Williams,+61-2-9477-4356,2550 Oak Avenue,Sydney,,Australia,52694,Enterprise
280,Michael Johnson,Michael,Johnson,+33-1-4455-7341,8233 Pine Street,Lyon,,France,13983,Enterprise
281,Mary Brown,Mary,Brown,+81-3-4441-6678,2008 Oak Avenue,Kyoto,,Japan,35773,Premium
282,Robert Williams,Robert,Williams,+1-903-555-0282,4373 Elm Boulevard,Vancouver,CA,Canada,78476,Regular
283,Patricia Miller,Patricia,Miller,+33-1-4017-7209,6720 Elm Boulevard,Marseille,,France,51795,Regular
284,Michael Brown,Michael,Brown,+33-1-5882-3817,4114 Oak Avenue,Lyon,,France,88227,Enterprise
285,John Williams,John,Williams,+44-20-8670-5209,776 Cedar Lane,Manchester,,UK,32302,Enterprise
286,William Miller,William,Miller,+49-30-7583-929,3508 Maple Road,Hamburg,,Germany,30492,Premium
287,Linda Rodriguez,Linda,Rodriguez,+61-2-6087-8742,142 Pine Street,Sydney,,Australia,12101,Regular
288,Linda Jones,Linda,Jones,+33-1-5004-1753,448 Oak Avenue,Marseille,,France,65147,Enterprise
289,Michael Martinez,Michael,Martinez,+1-555-0289,7055 Maple Road,Los Angeles,BC,USA,18165,Regular
290,Elizabeth Martinez,Elizabeth,Martinez,+1-632-555-0290,343 Oak Avenue,Vancouver,QC,Canada,19427,Regular
291,Mary Brown,Mary,Brown,+81-3-1811-9828,3087 Elm Boulevard,Kyoto,,Japan,82570,Premium
292,Linda Rodriguez,Linda,Rodriguez,+1-555-0292,935 Cedar Lane,Los Angeles,NY,USA,27253,Enterprise
293,John Williams,John,Williams,+1-827-555-0293,6757 Oak Avenue,Vancouver,CA,Canada,40225,Regular
294,Linda Rodriguez,Linda,Rodriguez,+1-555-0294,1143 Main Street,Houston,TX,USA,58671,Premium
295,William Williams,William,Williams,+81-3-4437-7809,7799 Oak Avenue,Osaka,,Japan,38056,Premium
296,Linda Davis,Linda,Davis,+1-701-555-0296,1421 Elm Boulevard,Toronto,TX,Canada,25664,Enterprise
297,Robert Davis,Robert,Davis,+81-3-1366-2776,2594 Elm Boulevard,Kyoto,,Japan,80706,Enterprise
298,Linda Williams,Linda,Williams,+1-555-0298,8933 Main Street,Houston,QC,USA,36032,Enterprise
299,James Martinez,James,Martinez,+81-3-9184-4002,5099 Pine Street,Osaka,,Japan,88313,Regular
300,Patricia Williams,Patricia,Williams,+44-20-8160-6080,4699 Main Street,London,,UK,71030,Premium
301,William Garcia,William,Garcia,+1-555-0301,3835 Pine Street,Los Angeles,CA,USA,94186,Premium
302,Michael Brown,Michael,Brown,+49-30-9940-678,4909 Oak Avenue,Munich,,Germany,85508,Premium
303,Patricia Williams,Patricia,Williams,+61-2-7876-9073,3146 Cedar Lane,Melbourne,,Australia,84287,Premium
304,William Miller,William,Miller,+61-2-2034-4453,460 Elm Boulevard,Melbourne,,Australia,32817,Regular
305,Linda Davis,Linda,Davis,+44-20-4955-1928,3340 Main Street,Manchester,,UK,31065,Premium
306,Robert Rodriguez,Robert,Rodriguez,+1-939-555-0306,362 Oak Avenue,Toronto,NY,Canada,14056,Enterprise
307,John Miller,John,Miller,+33-1-6312-9023,7982 Oak Avenue,Paris,,France,18278,Regular
308,James Johnson,James,Johnson,+49-30-9036-661,4377 Cedar Lane,Hamburg,,Germany,74962,Enterprise
309,Jennifer Jones,Jennifer,Jones,+49-30-1076-291,669 Cedar Lane,Munich,,Germany,42971,Premium
310,Mary Smith,Mary,Smith,+49-30-2740-471,2224 Pine Street,Hamburg,,Germany,14657,Enterprise
311,Mary Brown,Mary,Brown,+44-20-2891-3605,3371 Main Street,Birmingham,,UK,86182,Premium
312,Mary Jones,Mary,Jones,+1-555-0312,3257 Cedar Lane,Chicago,QC,USA,71655,Regular
313,Mary Martinez,Mary,Martinez,+44-20-4065-2604,4321 Cedar Lane,Birmingham,,UK,81193,Enterprise
314,John Martinez,John,Martinez,+61-2-8958-4799,5282 Elm Boulevard,Melbourne,,Australia,25851,Regular
315,John Miller,John,Miller,+1-576-555-0315,7923 Maple Road,Toronto,NY,Canada,62688,Premium
316,Mary Miller,Mary,Miller,+81-3-1339-4408,3904 Cedar Lane,Kyoto,,Japan,83003,Premium
317,Jennifer Miller,Jennifer,Miller,+44-20-9884-7591,6268 Elm Boulevard,London,,UK,19384,Enterprise
318,Elizabeth Martinez,Elizabeth,Martinez,+49-30-1657-791,2888 Elm Boulevard,Berlin,,Germany,61303,Regular
319,James Garcia,James,Garcia,+33-1-3252-1047,3455 Elm Boulevard,Lyon,,France,93227,Enterprise
320,Robert Smith,Robert,Smith,+49-30-7020-132,4533 Elm Boulevard,Hamburg,,Germany,22542,Enterprise
321,Patricia Davis,Patricia,Davis,+81-3-2885-2814,1911 Main Street,Osaka,,Japan,26812,Premium
322,Linda Rodriguez,Linda,Rodriguez,+33-1-8524-4517,5674 Main Street,Lyon,,France,15172,Regular
323,Patricia Davis,Patricia,Davis,+1-555-0323,8243 Main Street,Houston,BC,USA,45362,Premium
324,Michael Davis,Michael,Davis,+33-1-1308-8900,5244 Oak Avenue,Paris,,France,12490,Premium
325,Jennifer Johnson,Jennifer,Johnson,+49-30-4153-525,8415 Elm Boulevard,Munich,,Germany,94637,Premium
326,Robert Johnson,Robert,Johnson,+81-3-3148-8763,2126 Main Street,Kyoto,,Japan,59728,Regular
327,William Brown,William,Brown,+1-981-555-0327,3947 Cedar Lane,Montreal,BC,Canada,20909,Enterprise
328,Jennifer Garcia,Jennifer,Garcia,+1-555-0328,6833 Oak Avenue,Los Angeles,NY,USA,26108,Enterprise
329,Michael Smith,Michael,Smith,+81-3-6094-5246,4535 Maple Road,Kyoto,,Japan,93021,Enterprise
330,Linda Williams,Linda,Williams,+1-555-0330,290 Maple Road,New York,BC,USA,40200,Regular
331,Linda Davis,Linda,Davis,+81-3-8680-3926,6284 Maple Road,Tokyo,,Japan,66936,Enterprise
332,John Williams,John,Williams,+61-2-7559-4258,3383 Cedar Lane,Sydney,,Australia,89000,Premium
333,John Miller,John,Miller,+1-555-0333,1426 Cedar Lane,Houston,CA,USA,21092,Premium
334,Michael Smith,Michael,Smith,+33-1-5300-3529,2016 Maple Road,Paris,,France,27060,Premium
335,Elizabeth Rodriguez,Elizabeth,Rodriguez,+81-3-7426-2648,6517 Maple Road,Tokyo,,Japan,88605,Premium
336,William Smith,William,Smith,+33-1-2403-9850,9543 Main Street,Lyon,,France,83483,Premium
337,Mary Jones,Mary,Jones,+1-555-0337,8051 Main Street,Los Angeles,QC,USA,95294,Premium
338,Patricia Martinez,Patricia,Martinez,+49-30-5038-893,257 Oak Avenue,Hamburg,,Germany,49733,Enterprise
339,Michael Martinez,Michael,Martinez,+81-3-1052-4987,6904 Maple Road,Osaka,,Japan,31832,Regular
340,Mary Williams,Mary,Williams,+81-3-4333-4729,1162 Oak Avenue,Tokyo,,Japan,79225,Enterprise
341,William Jones,William,Jones,+44-20-3941-7880,3794 Main Street,Birmingham,,UK,57777,Premium
342,Michael Garcia,Michael,Garcia,+81-3-6344-9817,1857 Oak Avenue,Tokyo,,Japan,90806,Enterprise
343,Linda Johnson,Linda,Johnson,+1-905-555-0343,4127 Main Street,Vancouver,ON,Canada,67197,Regular
344,James Jones,James,Jones,+49-30-5937-716,9141 Maple Road,Berlin,,Germany,41763,Enterprise
345,James Garcia,James,Garcia,+61-2-3439-6552,1224 Elm Boulevard,Melbourne,,Australia,19052,Enterprise
346,John Garcia,John,Garcia,+1-555-0346,4210 Pine Street,Houston,ON,USA,59483,Enterprise
347,John Brown,John,Brown,+44-20-7286-6167,7079 Elm Boulevard,Birmingham,,UK,39887,Premium
348,Jennifer Davis,Jennifer,Davis,+44-20-8133-2011,401 Pine Street,London,,UK,18275,Enterprise
349,Linda Miller,Linda,Miller,+44-20-6961-3219,4428 Maple Road,Manchester,,UK,98204,Enterprise
350,Patricia Martinez,Patricia,Martinez,+81-3-1765-9087,8706 Cedar Lane,Kyoto,,Japan,95711,Enterprise
351,William Johnson,William,Johnson,+1-315-555-0351,8968 Cedar Lane,Toronto,NY,Canada,31692,Enterprise
352,Elizabeth Smith,Elizabeth,Smith,+49-30-6153-119,6731 Cedar Lane,Hamburg,,Germany,77961,Regular
353,Robert Garcia,Robert,Garcia,+44-20-3407-6779,5176 Main Street,Birmingham,,UK,57133,Premium
354,Michael Garcia,Michael,Garcia,+33-1-8415-2757,2306 Oak Avenue,Paris,,France,13117,Regular
355,Patricia Smith,Patricia,Smith,+61-2-5144-2536,1432 Pine Street,Brisbane,,Australia,40865,Regular
356,Robert Martinez,Robert,Martinez,+61-2-3731-1581,8162 Main Street,Melbourne,,Australia,37272,Enterprise
357,James Martinez,James,Martinez,+61-2-6281-1670,7966 Main Street,Sydney,,Australia,20230,Regular
358,Elizabeth Williams,Elizabeth,Williams,+61-2-7358-4347,4977 Elm Boulevard,Sydney,,Australia,81114,Enterprise
359,Mary Brown,Mary,Brown,+44-20-2861-1099,3395 Cedar Lane,London,,UK,27236,Enterprise
360,Patricia Jones,Patricia,Jones,+61-2-6804-5106,8135 Oak Avenue,Melbourne,,Australia,63321,Regular
361,Robert Miller,Robert,Miller,+1-428-555-0361,3249 Oak Avenue,Vancouver,ON,Canada,14665,Enterprise
362,John Jones,John,Jones,+49-30-6319-228,9922 Maple Road,Berlin,,Germany,10122,Regular
363,Elizabeth Williams,Elizabeth,Williams,+61-2-6248-5441,7837 Oak Avenue,Melbourne,,Australia,38139,Enterprise
364,William Johnson,William,Johnson,+44-20-1478-8499,1672 Cedar Lane,London,,UK,29416,Premium
365,Robert Jones,Robert,Jones,+81-3-3393-3198,3821 Elm Boulevard,Kyoto,,Japan,25340,Premium
366,Jennifer Miller,Jennifer,Miller,+1-555-0366,6710 Maple Road,Los Angeles,NY,USA,74206,Regular
367,Jennifer Rodriguez,Jennifer,Rodriguez,+1-473-555-0367,2207 Oak Avenue,Montreal,TX,Canada,35518,Premium
368,Robert Rodriguez,Robert,Rodriguez,+1-235-555-0368,6677 Cedar Lane,Vancouver,NY,Canada,74861,Enterprise
369,William Martinez,William,Martinez,+49-30-9170-954,4737 Pine Street,Berlin,,Germany,92698,Regular
370,Patricia Johnson,Patricia,Johnson,+1-900-555-0370,4028 Oak Avenue,Montreal,QC,Canada,98285,Regular
371,John Smith,John,Smith,+33-1-8620-8149,9707 Oak Avenue,Marseille,,France,29411,Premium
372,Patricia Williams,Patricia,Williams,+1-555-0372,760 Pine Street,New York,ON,USA,60081,Enterprise
373,John Martinez,John,Martinez,+44-20-5826-5768,797 Maple Road,Manchester,,UK,28457,Enterprise
374,William Brown,William,Brown,+61-2-8306-3207,9132 Oak Avenue,Brisbane,,Australia,16618,Enterprise
375,William Garcia,William,Garcia,+61-2-7206-4373,7822 Cedar Lane,Sydney,,Australia,31691,Premium
376,Elizabeth Garcia,Elizabeth,Garcia,+33-1-4148-7672,2975 Maple Road,Paris,,France,42998,Regular
377,Michael Miller,Michael,Miller,+44-20-1462-4693,6171 Oak Avenue,Birmingham,,UK,24541,Regular
378,Mary Miller,Mary,Miller,+61-2-3538-7891,8869 Pine Street,Melbourne,,Australia,26100,Premium
379,Jennifer Smith,Jennifer,Smith,+81-3-4755-2182,649 Oak Avenue,Osaka,,Japan,77433,Regular
380,Linda Williams,Linda,Williams,+1-914-555-0380,6969 Main Street,Montreal,NY,Canada,49984,Enterprise
381,Robert Brown,Robert,Brown,+1-699-555-0381,8080 Pine Street,Montreal,CA,Canada,59638,Enterprise
382,William Brown,William,Brown,+61-2-6357-6996,9503 Maple Road,Brisbane,,Australia,45355,Regular
383,Elizabeth Johnson,Elizabeth,Johnson,+33-1-8613-7961,3718 Pine Street,Lyon,,France,47481,Premium
384,William Garcia,William,Garcia,+49-30-8943-877,5916 Main Street,Berlin,,Germany,33259,Regular
385,Robert Rodriguez,Robert,Rodriguez,+44-20-4323-9222,582 Cedar Lane,Manchester,,UK,69587,Regular
386,Mary Brown,Mary,Brown,+33-1-5003-6213,6505 Main Street,Paris,,France,88784,Regular
387,Elizabeth Davis,Elizabeth,Davis,+44-20-2410-6023,916 Main Street,Birmingham,,UK,60317,Enterprise
388,Mary Johnson,Mary,Johnson,+81-3-3885-9757,6950 Main Street,Kyoto,,Japan,44995,Regular
389,John Rodriguez,John,Rodriguez,+1-555-0389,6135 Main Street,Chicago,CA,USA,55447,Regular
390,Michael Jones,Michael,Jones,+33-1-7436-3128,2290 Elm Boulevard,Paris,,France,75201,Enterprise
391,Patricia Martinez,Patricia,Martinez,+44-20-1794-7405,8210 Pine Street,London,,UK,76767,Premium
392,William Martinez,William,Martinez,+61-2-8043-7848,4890 Cedar Lane,Sydney,,Australia,38191,Enterprise
393,Robert Rodriguez,Robert,Rodriguez,+61-2-1152-7394,8658 Cedar Lane,Sydney,,Australia,81957,Premium
394,Linda Davis,Linda,Davis,+1-555-0394,8013 Cedar Lane,Chicago,BC,USA,81943,Regular
395,Elizabeth Smith,Elizabeth,Smith,+61-2-6528-9436,5214 Maple Road,Sydney,,Australia,55460,Regular
396,William Martinez,William,Martinez,+33-1-7157-3328,7846 Oak Avenue,Marseille,,France,39287,Enterprise
397,Patricia Jones,Patricia,Jones,+1-555-0397,2404 Cedar Lane,Chicago,CA,USA,86978,Regular
398,Robert Garcia,Robert,Garcia,+49-30-4761-445,3895 Main Street,Hamburg,,Germany,77307,Enterprise
399,Jennifer Miller,Jennifer,Miller,+1-346-555-0399,4809 Pine Street,Vancouver,CA,Canada,58822,Enterprise
400,Elizabeth Martinez,Elizabeth,Martinez,+1-436-555-0400,2433 Maple Road,Toronto,NY,Canada,68489,Enterprise
401,Patricia Brown,Patricia,Brown,+81-3-8417-7289,5541 Pine Street,Osaka,,Japan,38150,Enterprise
402,Michael Johnson,Michael,Johnson,+81-3-9149-4005,793 Maple Road,Tokyo,,Japan,49850,Regular
403,Robert Miller,Robert,Miller,+81-3-6071-5937,8340 Maple Road,Osaka,,Japan,94039,Premium
404,William Rodriguez,William,Rodriguez,+33-1-2784-8623,8178 Cedar Lane,Paris,,France,85497,Enterprise
405,John Rodriguez,John,Rodriguez,+1-877-555-0405,3187 Cedar Lane,Toronto,NY,Canada,82469,Regular
406,Patricia Martinez,Patricia,Martinez,+1-992-555-0406,4485 Elm Boulevard,Toronto,NY,Canada,77702,Premium
407,Michael Davis,Michael,Davis,+44-20-3287-5170,3450 Maple Road,London,,UK,94797,Enterprise
408,Elizabeth Davis,Elizabeth,Davis,+49-30-5621-558,1521 Main Street,Berlin,,Germany,90627,Premium
409,William Smith,William,Smith,+33-1-7662-7163,3267 Elm Boulevard,Paris,,France,79241,Enterprise
410,Elizabeth Brown,Elizabeth,Brown,+81-3-2910-9880,6810 Cedar Lane,Tokyo,,Japan,17245,Enterprise
411,Mary Jones,Mary,Jones,+61-2-2307-2482,8788 Cedar Lane,Brisbane,,Australia,33607,Regular
412,John Davis,John,Davis,+61-2-2002-2523,4593 Main Street,Brisbane,,Australia,74598,Regular
413,James Garcia,James,Garcia,+33-1-7771-1415,6417 Elm Boulevard,Paris,,France,36224,Regular
414,Elizabeth Johnson,Elizabeth,Johnson,+1-527-555-0414,4368 Pine Street,Montreal,NY,Canada,72725,Premium
415,James Miller,James,Miller,+49-30-9729-771,3125 Elm Boulevard,Hamburg,,Germany,12568,Enterprise
416,Linda Martinez,Linda,Martinez,+61-2-5415-6176,1109 Pine Street,Brisbane,,Australia,94617,Regular
417,Patricia Jones,Patricia,Jones,+1-555-0417,4345 Pine Street,Chicago,TX,USA,16511,Premium
418,Michael Rodriguez,Michael,Rodriguez,+81-3-3769-8754,6304 Oak Avenue,Tokyo,,Japan,29064,Premium
419,William Smith,William,Smith,+1-845-555-0419,5772 Pine Street,Montreal,QC,Canada,19922,Regular
420,James Johnson,James,Johnson,+1-657-555-0420,2610 Pine Street,Vancouver,BC,Canada,82604,Premium
421,William Smith,William,Smith,+81-3-3840-7481,4458 Oak Avenue,Tokyo,,Japan,95535,Premium
422,Patricia Garcia,Patricia,Garcia,+44-20-3718-5625,7734 Maple Road,Manchester,,UK,94406,Premium
423,James Garcia,James,Garcia,+1-555-0423,7833 Main Street,Chicago,ON,USA,47868,Premium
424,Robert Davis,Robert,Davis,+33-1-9936-6169,2127 Maple Road,Paris,,France,36128,Regular
425,Jennifer Jones,Jennifer,Jones,+81-3-7450-4243,5907 Main Street,Kyoto,,Japan,73021,Premium
426,John Garcia,John,Garcia,+1-555-0426,343 Elm Boulevard,New York,TX,USA,49799,Enterprise
427,John Miller,John,Miller,+33-1-6557-2340,1495 Main Street,Paris,,France,77952,Premium
428,William Williams,William,Williams,+81-3-2206-7123,4859 Cedar Lane,Tokyo,,Japan,44675,Enterprise
429,William Jones,William,Jones,+1-555-0429,6378 Main Street,Houston,TX,USA,43628,Regular
430,Linda Jones,Linda,Jones,+1-604-555-0430,3831 Cedar Lane,Montreal,ON,Canada,49962,Enterprise
431,James Brown,James,Brown,+49-30-1369-413,4640 Pine Street,Berlin,,Germany,29770,Enterprise
432,John Smith,John,Smith,+33-1-1087-3310,1216 Maple Road,Marseille,,France,62485,Enterprise
433,Elizabeth Miller,Elizabeth,Miller,+49-30-7871-566,1960 Elm Boulevard,Munich,,Germany,99969,Enterprise
434,Elizabeth Garcia,Elizabeth,Garcia,+33-1-4163-4017,8529 Oak Avenue,Marseille,,France,57726,Premium
435,Michael Garcia,Michael,Garcia,+44-20-7953-8741,6023 Maple Road,London,,UK,95081,Premium
436,Jennifer Brown,Jennifer,Brown,+61-2-4950-2991,5495 Maple Road,Sydney,,Australia,10731,Premium
437,John Martinez,John,Martinez,+1-555-0437,5848 Cedar Lane,Los Angeles,ON,USA,58077,Enterprise
438,Mary Miller,Mary,Miller,+33-1-9647-2882,4129 Cedar Lane,Paris,,France,40485,Enterprise
439,Elizabeth Johnson,Elizabeth,Johnson,+49-30-3504-865,5414 Main Street,Munich,,Germany,14337,Premium
440,Mary Smith,Mary,Smith,+81-3-5199-5709,7993 Maple Road,Osaka,,Japan,92114,Premium
441,Linda Smith,Linda,Smith,+1-773-555-0441,4377 Maple Road,Toronto,BC,Canada,49815,Regular
442,Robert Martinez,Robert,Martinez,+49-30-5322-751,9175 Main Street,Berlin,,Germany,81641,Enterprise
443,Robert Smith,Robert,Smith,+44-20-4314-7214,3238 Main Street,Manchester,,UK,22335,Premium
444,Mary Miller,Mary,Miller,+33-1-1869-4832,9893 Elm Boulevard,Lyon,,France,42936,Regular
445,Patricia Miller,Patricia,Miller,+1-673-555-0445,4989 Main Street,Toronto,BC,Canada,38608,Enterprise
446,Elizabeth Jones,Elizabeth,Jones,+49-30-3933-434,974 Elm Boulevard,Berlin,,Germany,20338,Premium
447,Patricia Brown,Patricia,Brown,+33-1-1345-9852,5163 Oak Avenue,Marseille,,France,57800,Premium
448,Jennifer Brown,Jennifer,Brown,+81-3-8378-9561,8680 Elm Boulevard,Osaka,,Japan,32243,Regular
449,James Garcia,James,Garcia,+44-20-4379-5978,4669 Pine Street,Manchester,,UK,28161,Regular
450,Mary Smith,Mary,Smith,+1-555-0450,4445 Elm Boulevard,New York,QC,USA,95568,Regular
451,Jennifer Brown,Jennifer,Brown,+1-885-555-0451,6831 Main Street,Montreal,QC,Canada,34288,Enterprise
452,Linda Brown,Linda,Brown,+44-20-2048-5045,9090 Maple Road,Manchester,,UK,13089,Enterprise
453,Mary Brown,Mary,Brown,+81-3-8250-8044,4768 Elm Boulevard,Tokyo,,Japan,19334,Enterprise
454,Jennifer Smith,Jennifer,Smith,+1-917-555-0454,948 Oak Avenue,Vancouver,NY,Canada,30217,Premium
455,William Martinez,William,Martinez,+1-268-555-0455,1790 Cedar Lane,Toronto,BC,Canada,86204,Regular
456,Patricia Brown,Patricia,Brown,+1-931-555-0456,2197 Maple Road,Toronto,TX,Canada,99172,Enterprise
457,William Smith,William,Smith,+81-3-4780-1722,8793 Oak Avenue,Tokyo,,Japan,87376,Premium
458,Michael Smith,Michael,Smith,+49-30-8704-651,9027 Oak Avenue,Hamburg,,Germany,80086,Regular
459,Jennifer Smith,Jennifer,Smith,+81-3-1392-9652,3845 Pine Street,Kyoto,,Japan,97816,Enterprise
460,Robert Davis,Robert,Davis,+1-920-555-0460,6917 Main Street,Montreal,NY,Canada,64292,Enterprise
461,Elizabeth Davis,Elizabeth,Davis,+44-20-7109-2926,360 Cedar Lane,Manchester,,UK,75879,Premium
462,Patricia Davis,Patricia,Davis,+33-1-5117-3312,9225 Pine Street,Lyon,,France,20592,Enterprise
463,Jennifer Smith,Jennifer,Smith,+33-1-7508-4502,8713 Cedar Lane,Lyon,,France,98655,Premium
464,Linda Davis,Linda,Davis,+1-555-0464,8099 Oak Avenue,New York,TX,USA,87249,Premium
465,Linda Jones,Linda,Jones,+49-30-9579-376,3807 Maple Road,Munich,,Germany,54026,Enterprise
466,Linda Miller,Linda,Miller,+61-2-5537-1691,8954 Oak Avenue,Sydney,,Australia,17308,Premium
467,James Rodriguez,James,Rodriguez,+44-20-5678-5162,7818 Pine Street,Manchester,,UK,85519,Enterprise
468,Patricia Smith,Patricia,Smith,+44-20-1400-5222,4152 Maple Road,Manchester,,UK,32546,Premium
469,Michael Williams,Michael,Williams,+1-304-555-0469,4492 Cedar Lane,Montreal,QC,Canada,55088,Premium
470,William Rodriguez,William,Rodriguez,+44-20-1181-4802,5751 Oak Avenue,London,,UK,55719,Regular
471,Michael Martinez,Michael,Martinez,+49-30-5463-863,9309 Cedar Lane,Munich,,Germany,40368,Regular
472,Linda Rodriguez,Linda,Rodriguez,+1-555-0472,4773 Pine Street,Houston,BC,USA,55039,Premium
473,Jennifer Williams,Jennifer,Williams,+81-3-1279-6232,2636 Maple Road,Osaka,,Japan,37322,Regular
474,Linda Rodriguez,Linda,Rodriguez,+1-555-0474,3184 Main Street,New York,ON,USA,50357,Regular
475,Linda Jones,Linda,Jones,+1-555-0475,3911 Cedar Lane,Chicago,NY,USA,11146,Regular
476,William Miller,William,Miller,+81-3-6938-6496,7304 Cedar Lane,Kyoto,,Japan,40106,Regular
477,William Martinez,William,Martinez,+44-20-5635-7730,86 Main Street,London,,UK,48633,Premium
478,Michael Jones,Michael,Jones,+1-555-0478,7944 Pine Street,Houston,QC,USA,72608,Enterprise
479,Robert Garcia,Robert,Garcia,+49-30-1641-196,9564 Elm Boulevard,Munich,,Germany,85943,Regular
480,Patricia Garcia,Patricia,Garcia,+61-2-3649-1183,2903 Elm Boulevard,Sydney,,Australia,39908,Regular
481,Michael Rodriguez,Michael,Rodriguez,+33-1-9185-8403,4084 Pine Street,Paris,,France,13418,Premium
482,John Johnson,John,Johnson,+1-555-0482,5754 Oak Avenue,Houston,BC,USA,35462,Enterprise
483,Jennifer Garcia,Jennifer,Garcia,+44-20-7562-7748,3771 Cedar Lane,London,,UK,51903,Enterprise
484,Linda Rodriguez,Linda,Rodriguez,+61-2-9647-2763,1900 Pine Street,Sydney,,Australia,80562,Regular
485,Robert Davis,Robert,Davis,+1-555-0485,5280 Cedar Lane,Los Angeles,NY,USA,95186,Enterprise
486,Jennifer Jones,Jennifer,Jones,+44-20-6258-1672,916 Main Street,London,,UK,91001,Premium
487,Patricia Jones,Patricia,Jones,+44-20-4407-4587,1156 Oak Avenue,Birmingham,,UK,83560,Regular
488,Elizabeth Garcia,Elizabeth,Garcia,+44-20-6723-3849,9537 Maple Road,Manchester,,UK,57987,Enterprise
489,Robert Miller,Robert,Miller,+1-555-0489,2198 Pine Street,Chicago,CA,USA,30292,Regular
490,Jennifer Rodriguez,Jennifer,Rodriguez,+33-1-8756-3883,7279 Maple Road,Lyon,,France,94522,Enterprise
491,Patricia Rodriguez,Patricia,Rodriguez,+44-20-2610-7959,8775 Pine Street,London,,UK,76584,Premium
492,Michael Davis,Michael,Davis,+33-1-5476-6227,1852 Main Street,Lyon,,France,41275,Enterprise
493,Patricia Davis,Patricia,Davis,+1-555-0493,8205 Maple Road,Houston,QC,USA,51350,Premium
494,Elizabeth Jones,Elizabeth,Jones,+49-30-9896-532,7069 Oak Avenue,Berlin,,Germany,55560,Regular
495,Patricia Johnson,Patricia,Johnson,+1-975-555-0495,9121 Oak Avenue,Toronto,NY,Canada,16274,Premium
496,John Brown,John,Brown,+33-1-8117-5012,1959 Maple Road,Lyon,,France,11083,Regular
497,Elizabeth Davis,Elizabeth,Davis,+1-555-0497,3286 Cedar Lane,New York,NY,USA,23408,Enterprise
498,Mary Garcia,Mary,Garcia,+33-1-7867-5654,6432 Elm Boulevard,Marseille,,France,79080,Premium
499,Michael Brown,Michael,Brown,+1-875-555-0499,1837 Maple Road,Montreal,CA,Canada,19973,Enterprise
500,Michael Williams,Michael,Williams,+1-555-0500,9490 Cedar Lane,New York,QC,USA,75231,Enterprise
501,John Smith,John,Smith,+33-1-3122-4474,3744 Elm Boulevard,Lyon,,France,19357,Premium
502,Michael Garcia,Michael,Garcia,+33-1-2787-3453,4865 Cedar Lane,Marseille,,France,31316,Premium
503,Elizabeth Smith,Elizabeth,Smith,+44-20-5734-2346,5742 Elm Boulevard,Birmingham,,UK,47655,Regular
504,Jennifer Garcia,Jennifer,Garcia,+49-30-1104-113,6237 Cedar Lane,Berlin,,Germany,84855,Premium
505,William Miller,William,Miller,+1-729-555-0505,6983 Elm Boulevard,Toronto,CA,Canada,27806,Enterprise
506,James Williams,James,Williams,+44-20-3823-6929,626 Maple Road,London,,UK,81524,Regular
507,Mary Williams,Mary,Williams,+61-2-4198-8165,5503 Pine Street,Brisbane,,Australia,88474,Enterprise
508,James Johnson,James,Johnson,+44-20-5059-3159,9251 Main Street,Manchester,,UK,63687,Premium
509,Robert Rodriguez,Robert,Rodriguez,+1-555-0509,2365 Oak Avenue,Houston,ON,USA,48095,Premium
510,Robert Johnson,Robert,Johnson,+33-1-5068-3759,8343 Maple Road,Marseille,,France,96415,Premium
511,Linda Martinez,Linda,Martinez,+1-555-0511,2719 Main Street,Chicago,CA,USA,53157,Premium
512,Mary Davis,Mary,Davis,+61-2-7829-6405,7656 Pine Street,Melbourne,,Australia,94168,Regular
513,William Smith,William,Smith,+33-1-6855-5579,2698 Elm Boulevard,Paris,,France,67445,Regular
514,Michael Brown,Michael,Brown,+1-591-555-0514,1504 Main Street,Vancouver,NY,Canada,91031,Enterprise
515,Robert Williams,Robert,Williams,+81-3-3294-4328,3697 Cedar Lane,Osaka,,Japan,95139,Enterprise
516,Jennifer Johnson,Jennifer,Johnson,+61-2-2279-7499,7898 Elm Boulevard,Brisbane,,Australia,84565,Premium
517,Mary Smith,Mary,Smith,+61-2-7315-7276,2478 Main Street,Brisbane,,Australia,18195,Premium
518,Linda Williams,Linda,Williams,+1-555-0518,2733 Elm Boulevard,Chicago,NY,USA,82966,Enterprise
519,Michael Garcia,Michael,Garcia,+49-30-2126-558,8616 Elm Boulevard,Berlin,,Germany,16079,Regular
520,John Jones,John,Jones,+61-2-2465-2951,988 Main Street,Melbourne,,Australia,83669,Regular
521,Elizabeth Williams,Elizabeth,Williams,+1-555-0521,983 Oak Avenue,Chicago,QC,USA,41736,Regular
522,Jennifer Smith,Jennifer,Smith,+44-20-3529-7635,8510 Cedar Lane,Birmingham,,UK,44828,Premium
523,Jennifer Rodriguez,Jennifer,Rodriguez,+49-30-1732-834,7294 Pine Street,Munich,,Germany,22539,Enterprise
524,Michael Rodriguez,Michael,Rodriguez,+44-20-7079-9781,9533 Elm Boulevard,Manchester,,UK,52564,Premium
525,Robert Davis,Robert,Davis,+49-30-7761-402,1354 Main Street,Hamburg,,Germany,14291,Enterprise
526,William Garcia,William,Garcia,+1-992-555-0526,9786 Pine Street,Toronto,TX,Canada,58784,Premium
527,Elizabeth Rodriguez,Elizabeth,Rodriguez,+33-1-8706-6011,1832 Cedar Lane,Lyon,,France,38985,Enterprise
528,Elizabeth Rodriguez,Elizabeth,Rodriguez,+1-590-555-0528,7718 Cedar Lane,Toronto,NY,Canada,50151,Enterprise
529,Elizabeth Williams,Elizabeth,Williams,+1-555-0529,3212 Main Street,Chicago,NY,USA,41246,Enterprise
530,Michael Davis,Michael,Davis,+1-555-0530,507 Cedar Lane,New York,ON,USA,64832,Enterprise
531,William Rodriguez,William,Rodriguez,+1-555-0531,5178 Pine Street,New York,QC,USA,22062,Regular
532,Patricia Smith,Patricia,Smith,+1-555-0532,1274 Maple Road,New York,NY,USA,37372,Premium
533,John Davis,John,Davis,+33-1-1788-1488,4211 Cedar Lane,Lyon,,France,77713,Premium
534,Linda Smith,Linda,Smith,+1-555-0534,5935 Oak Avenue,New York,NY,USA,31227,Enterprise
535,John Williams,John,Williams,+81-3-5769-1070,6078 Pine Street,Osaka,,Japan,26955,Regular
536,James Jones,James,Jones,+1-446-555-0536,6382 Pine Street,Vancouver,ON,Canada,40571,Enterprise
537,Mary Brown,Mary,Brown,+1-974-555-0537,5446 Main Street,Montreal,ON,Canada,83445,Regular
538,John Brown,John,Brown,+61-2-7267-8883,9718 Maple Road,Sydney,,Australia,44090,Premium
539,Jennifer Jones,Jennifer,Jones,+61-2-9496-8505,7732 Oak Avenue,Brisbane,,Australia,69020,Enterprise
540,James Davis,James,Davis,+33-1-1255-9163,6501 Elm Boulevard,Marseille,,France,61647,Regular
541,James Martinez,James,Martinez,+44-20-1207-6339,9787 Pine Street,London,,UK,44639,Enterprise
542,Linda Miller,Linda,Miller,+49-30-9484-436,5432 Main Street,Munich,,Germany,88753,Enterprise
543,Elizabeth Miller,Elizabeth,Miller,+61-2-7121-3006,9938 Oak Avenue,Sydney,,Australia,18437,Regular
544,Elizabeth Davis,Elizabeth,Davis,+61-2-2264-7242,2853 Main Street,Brisbane,,Australia,53641,Premium
545,Robert Miller,Robert,Miller,+1-555-0545,2809 Cedar Lane,Los Angeles,NY,USA,71960,Enterprise
546,John Martinez,John,Martinez,+81-3-9113-4761,5895 Pine Street,Tokyo,,Japan,80921,Premium
547,Robert Brown,Robert,Brown,+44-20-7662-7471,6345 Pine Street,Manchester,,UK,22450,Enterprise
548,Jennifer Rodriguez,Jennifer,Rodriguez,+44-20-2687-8672,6200 Elm Boulevard,Manchester,,UK,14389,Premium
549,Mary Jones,Mary,Jones,+1-623-555-0549,7554 Maple Road,Toronto,QC,Canada,10411,Enterprise
550,Elizabeth Martinez,Elizabeth,Martinez,+44-20-9387-8225,9976 Main Street,London,,UK,63900,Regular
551,Elizabeth Miller,Elizabeth,Miller,+44-20-1891-1516,6035 Elm Boulevard,Birmingham,,UK,31762,Regular
552,Linda Jones,Linda,Jones,+61-2-1367-6296,2674 Pine Street,Sydney,,Australia,64517,Enterprise
553,John Jones,John,Jones,+61-2-7047-9493,472 Maple Road,Sydney,,Australia,84243,Premium
554,Robert Davis,Robert,Davis,+49-30-3272-837,7874 Oak Avenue,Berlin,,Germany,10361,Premium
555,Michael Brown,Michael,Brown,+61-2-5099-4348,662 Main Street,Melbourne,,Australia,27781,Enterprise
556,John Williams,John,Williams,+44-20-7538-7135,3417 Elm Boulevard,Manchester,,UK,33684,Regular
557,Elizabeth Davis,Elizabeth,Davis,+44-20-2240-1092,4065 Pine Street,Birmingham,,UK,80504,Premium
558,Mary Martinez,Mary,Martinez,+1-555-0558,6996 Elm Boulevard,Chicago,NY,USA,33967,Regular
559,Patricia Brown,Patricia,Brown,+33-1-9222-6822,494 Pine Street,Lyon,,France,37010,Regular
560,Mary Miller,Mary,Miller,+44-20-8646-4680,2800 Pine Street,Manchester,,UK,78178,Premium
561,William Miller,William,Miller,+61-2-8688-7301,7530 Maple Road,Brisbane,,Australia,12788,Premium
562,William Miller,William,Miller,+1-684-555-0562,3818 Pine Street,Montreal,NY,Canada,13186,Premium
563,Mary Williams,Mary,Williams,+61-2-7722-8927,8894 Main Street,Sydney,,Australia,44964,Premium
564,Mary Garcia,Mary,Garcia,+49-30-7290-318,847 Main Street,Munich,,Germany,76316,Premium
565,Patricia Jones,Patricia,Jones,+1-555-0565,4425 Oak Avenue,Chicago,NY,USA,94201,Enterprise
566,Patricia Johnson,Patricia,Johnson,+61-2-8246-3044,2504 Main Street,Brisbane,,Australia,69530,Enterprise
567,William Davis,William,Davis,+81-3-8364-2501,2347 Oak Avenue,Kyoto,,Japan,88830,Regular
568,Patricia Jones,Patricia,Jones,+1-555-0568,3931 Pine Street,New York,NY,USA,46109,Premium
569,Patricia Martinez,Patricia,Martinez,+61-2-6850-5801,4837 Maple Road,Melbourne,,Australia,82952,Regular
570,Michael Davis,Michael,Davis,+1-216-555-0570,5719 Main Street,Toronto,BC,Canada,69147,Regular
571,Linda Miller,Linda,Miller,+1-924-555-0571,9249 Cedar Lane,Toronto,QC,Canada,78139,Enterprise
572,Robert Garcia,Robert,Garcia,+49-30-2612-410,3801 Pine Street,Berlin,,Germany,72675,Enterprise
573,Patricia Martinez,Patricia,Martinez,+61-2-1097-5869,4238 Oak Avenue,Brisbane,,Australia,68813,Enterprise
574,Patricia Davis,Patricia,Davis,+61-2-2162-1296,4518 Main Street,Sydney,,Australia,14906,Regular
575,William Johnson,William,Johnson,+49-30-6205-709,3094 Main Street,Berlin,,Germany,56164,Enterprise
576,William Brown,William,Brown,+44-20-5201-5186,6295 Maple Road,London,,UK,63929,Regular
577,Elizabeth Brown,Elizabeth,Brown,+44-20-4111-4550,7938 Main Street,London,,UK,96473,Premium
578,Mary Brown,Mary,Brown,+49-30-6040-681,4702 Cedar Lane,Hamburg,,Germany,58688,Enterprise
579,Linda Miller,Linda,Miller,+49-30-2136-783,1168 Cedar Lane,Berlin,,Germany,26886,Enterprise
580,Patricia Garcia,Patricia,Garcia,+44-20-9282-7303,2424 Oak Avenue,Manchester,,UK,43726,Regular
581,Elizabeth Jones,Elizabeth,Jones,+49-30-1862-315,7460 Oak Avenue,Hamburg,,Germany,58007,Premium
582,John Williams,John,Williams,+1-816-555-0582,3411 Oak Avenue,Toronto,ON,Canada,70037,Regular
583,James Brown,James,Brown,+44-20-6744-2599,6343 Cedar Lane,Birmingham,,UK,52772,Regular
584,Jennifer Smith,Jennifer,Smith,+33-1-8389-4462,8653 Pine Street,Paris,,France,39778,Enterprise
585,Elizabeth Garcia,Elizabeth,Garcia,+1-393-555-0585,5357 Main Street,Toronto,TX,Canada,33320,Premium
586,John Martinez,John,Martinez,+1-342-555-0586,9566 Main Street,Vancouver,NY,Canada,63594,Premium
587,Mary Davis,Mary,Davis,+49-30-8317-960,1876 Pine Street,Hamburg,,Germany,89049,Premium
588,Mary Garcia,Mary,Garcia,+33-1-9564-7220,5195 Pine Street,Marseille,,France,75188,Premium
589,Robert Davis,Robert,Davis,+81-3-4929-6674,7178 Pine Street,Kyoto,,Japan,65374,Regular
590,James Rodriguez,James,Rodriguez,+33-1-9039-9986,4570 Pine Street,Marseille,,France,98121,Regular
591,James Martinez,James,Martinez,+1-901-555-0591,9130 Oak Avenue,Vancouver,TX,Canada,86481,Regular
592,Patricia Martinez,Patricia,Martinez,+49-30-3436-331,5865 Main Street,Munich,,Germany,86461,Regular
593,Patricia Garcia,Patricia,Garcia,+49-30-7742-751,9548 Maple Road,Hamburg,,Germany,37061,Regular
594,Patricia Martinez,Patricia,Martinez,+81-3-5861-4812,1195 Elm Boulevard,Tokyo,,Japan,81994,Enterprise
595,Michael Martinez,Michael,Martinez,+44-20-8261-3054,9232 Elm Boulevard,Birmingham,,UK,98157,Regular
596,William Miller,William,Miller,+61-2-2841-3070,7347 Elm Boulevard,Melbourne,,Australia,28395,Regular
597,Jennifer Martinez,Jennifer,Martinez,+44-20-3137-2896,2028 Maple Road,Birmingham,,UK,79702,Regular
598,Jennifer Miller,Jennifer,Miller,+81-3-3492-9454,48 Elm Boulevard,Osaka,,Japan,31215,Enterprise
599,Linda Martinez,Linda,Martinez,+81-3-5764-4265,5344 Cedar Lane,Kyoto,,Japan,69981,Premium
600,Elizabeth Rodriguez,Elizabeth,Rodriguez,+1-797-555-0600,4213 Pine Street,Toronto,CA,Canada,51551,Premium
601,Linda Smith,Linda,Smith,+33-1-5538-3233,2601 Main Street,Lyon,,France,88825,Enterprise
602,Elizabeth Miller,Elizabeth,Miller,+49-30-2882-994,1635 Oak Avenue,Munich,,Germany,48396,Regular
603,Patricia Williams,Patricia,Williams,+49-30-6597-782,7621 Maple Road,Hamburg,,Germany,72319,Regular
604,Linda Martinez,Linda,Martinez,+49-30-7541-528,9029 Maple Road,Hamburg,,Germany,95602,Premium
605,William Miller,William,Miller,+61-2-5750-3508,1209 Maple Road,Sydney,,Australia,29362,Enterprise
606,Michael Johnson,Michael,Johnson,+49-30-7773-634,5035 Maple Road,Munich,,Germany,52472,Enterprise
607,Mary Martinez,Mary,Martinez,+33-1-3791-1723,1377 Pine Street,Paris,,France,34081,Regular
608,John Brown,John,Brown,+44-20-4891-3152,5295 Oak Avenue,Birmingham,,UK,78252,Enterprise
609,Elizabeth Jones,Elizabeth,Jones,+1-836-555-0609,3247 Oak Avenue,Toronto,CA,Canada,71252,Enterprise
610,Elizabeth Johnson,Elizabeth,Johnson,+81-3-8324-7173,8102 Elm Boulevard,Osaka,,Japan,70674,Regular
611,Michael Brown,Michael,Brown,+81-3-7706-4628,736 Cedar Lane,Tokyo,,Japan,99324,Regular
612,Mary Brown,Mary,Brown,+81-3-7278-3575,3813 Cedar Lane,Osaka,,Japan,91388,Regular
613,John Rodriguez,John,Rodriguez,+1-555-0613,1593 Pine Street,Los Angeles,NY,USA,10630,Enterprise
614,Patricia Johnson,Patricia,Johnson,+1-555-0614,127 Maple Road,Chicago,TX,USA,26655,Premium
615,Elizabeth Davis,Elizabeth,Davis,+1-555-0615,9542 Pine Street,Chicago,CA,USA,33455,Enterprise
616,John Garcia,John,Garcia,+33-1-2018-4442,2168 Maple Road,Marseille,,France,43312,Regular
617,James Brown,James,Brown,+1-826-555-0617,1446 Maple Road,Toronto,TX,Canada,14744,Premium
618,Linda Jones,Linda,Jones,+1-725-555-0618,7733 Cedar Lane,Montreal,TX,Canada,64920,Enterprise
619,Linda Miller,Linda,Miller,+1-555-0619,1113 Pine Street,Houston,ON,USA,59193,Enterprise
620,Jennifer Johnson,Jennifer,Johnson,+49-30-5573-547,435 Maple Road,Munich,,Germany,53618,Enterprise
621,Robert Johnson,Robert,Johnson,+61-2-8201-9683,9380 Cedar Lane,Brisbane,,Australia,82197,Enterprise
622,James Williams,James,Williams,+61-2-2974-6819,4192 Elm Boulevard,Sydney,,Australia,71563,Enterprise
623,Linda Miller,Linda,Miller,+33-1-6484-9450,5618 Main Street,Paris,,France,92483,Premium
624,John Smith,John,Smith,+1-555-0624,8220 Maple Road,Chicago,NY,USA,54870,Premium
625,Jennifer Davis,Jennifer,Davis,+81-3-5259-1209,5914 Oak Avenue,Tokyo,,Japan,88277,Premium
626,John Johnson,John,Johnson,+81-3-2462-7855,1446 Elm Boulevard,Osaka,,Japan,95794,Regular
627,Robert Brown,Robert,Brown,+49-30-9276-943,6199 Cedar Lane,Berlin,,Germany,99692,Enterprise
628,Robert Rodriguez,Robert,Rodriguez,+81-3-2121-2638,7615 Maple Road,Osaka,,Japan,43254,Premium
629,Michael Williams,Michael,Williams,+1-555-0629,3217 Main Street,Chicago,BC,USA,54948,Enterprise
630,James Davis,James,Davis,+61-2-4645-8473,2393 Elm Boulevard,Sydney,,Australia,34489,Regular
631,Robert Garcia,Robert,Garcia,+33-1-6610-4417,1779 Maple Road,Marseille,,France,57231,Premium
632,Patricia Miller,Patricia,Miller,+81-3-8511-6689,5024 Oak Avenue,Osaka,,Japan,40084,Regular
633,Linda Rodriguez,Linda,Rodriguez,+33-1-8267-1239,978 Oak Avenue,Marseille,,France,94910,Regular
634,William Jones,William,Jones,+61-2-1386-4374,53 Elm Boulevard,Melbourne,,Australia,94139,Regular
635,Jennifer Rodriguez,Jennifer,Rodriguez,+44-20-8431-9114,3245 Maple Road,London,,UK,21348,Premium
636,Robert Martinez,Robert,Martinez,+1-855-555-0636,3252 Main Street,Vancouver,NY,Canada,57002,Enterprise
637,Patricia Miller,Patricia,Miller,+1-620-555-0637,3567 Maple Road,Montreal,NY,Canada,32949,Premium
638,William Jones,William,Jones,+1-555-0638,4165 Elm Boulevard,Los Angeles,ON,USA,44764,Enterprise
639,Linda Williams,Linda,Williams,+33-1-8688-3412,1819 Oak Avenue,Lyon,,France,56867,Regular
640,Michael Martinez,Michael,Martinez,+1-989-555-0640,6289 Maple Road,Toronto,NY,Canada,72721,Regular
641,Mary Johnson,Mary,Johnson,+1-664-555-0641,1131 Pine Street,Toronto,BC,Canada,24952,Premium
642,Linda Miller,Linda,Miller,+44-20-9988-7375,8490 Oak Avenue,Birmingham,,UK,57449,Enterprise
643,Mary Davis,Mary,Davis,+61-2-6303-1228,517 Main Street,Melbourne,,Australia,73047,Regular
644,Patricia Smith,Patricia,Smith,+49-30-8912-672,6734 Cedar Lane,Berlin,,Germany,10562,Enterprise
645,William Jones,William,Jones,+1-434-555-0645,4759 Elm Boulevard,Montreal,QC,Canada,14083,Regular
646,Elizabeth Miller,Elizabeth,Miller,+61-2-8473-2285,505 Pine Street,Sydney,,Australia,33462,Regular
647,William Rodriguez,William,Rodriguez,+81-3-9757-5838,5629 Main Street,Osaka,,Japan,39385,Premium
648,Mary Rodriguez,Mary,Rodriguez,+44-20-5930-2812,5754 Oak Avenue,London,,UK,55228,Regular
649,Patricia Johnson,Patricia,Johnson,+1-555-0649,6579 Maple Road,Chicago,ON,USA,65541,Enterprise
650,Robert Garcia,Robert,Garcia,+33-1-7858-6237,8455 Oak Avenue,Lyon,,France,38969,Regular
651,Robert Rodriguez,Robert,Rodriguez,+44-20-4481-3255,8720 Elm Boulevard,Birmingham,,UK,78272,Premium
652,Robert Miller,Robert,Miller,+81-3-4240-4787,8647 Oak Avenue,Tokyo,,Japan,79321,Enterprise
653,James Smith,James,Smith,+1-842-555-0653,2458 Main Street,Montreal,QC,Canada,12457,Enterprise
654,James Davis,James,Davis,+1-328-555-0654,984 Cedar Lane,Toronto,NY,Canada,63443,Premium
655,Patricia Garcia,Patricia,Garcia,+81-3-5358-1897,5772 Oak Avenue,Tokyo,,Japan,11131,Premium
656,John Miller,John,Miller,+1-555-0656,6089 Cedar Lane,Chicago,ON,USA,35193,Premium
657,James Smith,James,Smith,+44-20-4453-5940,1091 Cedar Lane,Manchester,,UK,49975,Enterprise
658,Jennifer Davis,Jennifer,Davis,+61-2-8420-3642,4704 Oak Avenue,Sydney,,Australia,72876,Regular
659,Jennifer Miller,Jennifer,Miller,+81-3-9942-5542,6541 Main Street,Kyoto,,Japan,53909,Enterprise
660,Michael Smith,Michael,Smith,+1-817-555-0660,1163 Oak Avenue,Vancouver,CA,Canada,53317,Enterprise
661,Robert Miller,Robert,Miller,+49-30-1419-779,7753 Maple Road,Berlin,,Germany,55060,Enterprise
662,Linda Jones,Linda,Jones,+61-2-9485-9048,2411 Oak Avenue,Sydney,,Australia,30443,Premium
663,Patricia Jones,Patricia,Jones,+61-2-6843-3752,9854 Pine Street,Melbourne,,Australia,78198,Regular
664,William Martinez,William,Martinez,+61-2-1401-6290,5911 Maple Road,Sydney,,Australia,62927,Enterprise
665,Linda Martinez,Linda,Martinez,+49-30-1475-771,6130 Maple Road,Hamburg,,Germany,97854,Premium
666,Patricia Martinez,Patricia,Martinez,+81-3-9369-6537,7011 Elm Boulevard,Tokyo,,Japan,76420,Regular
667,Mary Davis,Mary,Davis,+1-888-555-0667,6963 Pine Street,Vancouver,CA,Canada,77761,Premium
668,Michael Davis,Michael,Davis,+44-20-2387-5518,5421 Oak Avenue,Manchester,,UK,26475,Regular
669,Mary Garcia,Mary,Garcia,+81-3-3759-2798,265 Elm Boulevard,Kyoto,,Japan,28520,Regular
670,Mary Miller,Mary,Miller,+44-20-2987-8515,8710 Pine Street,London,,UK,18321,Regular
671,Robert Smith,Robert,Smith,+81-3-5876-5720,2106 Elm Boulevard,Kyoto,,Japan,67001,Enterprise
672,Linda Rodriguez,Linda,Rodriguez,+1-555-0672,8379 Pine Street,New York,ON,USA,56531,Regular
673,John Martinez,John,Martinez,+1-555-0673,4067 Maple Road,Los Angeles,CA,USA,44563,Regular
674,James Davis,James,Davis,+1-555-0674,5335 Oak Avenue,New York,BC,USA,38790,Premium
675,Robert Johnson,Robert,Johnson,+49-30-8434-865,8309 Main Street,Hamburg,,Germany,24000,Premium
676,Linda Garcia,Linda,Garcia,+61-2-1936-1037,6126 Maple Road,Melbourne,,Australia,87823,Regular
677,Elizabeth Johnson,Elizabeth,Johnson,+1-555-0677,2748 Main Street,Los Angeles,TX,USA,57328,Enterprise
678,James Smith,James,Smith,+33-1-4231-7287,6697 Main Street,Marseille,,France,43848,Premium
679,Robert Johnson,Robert,Johnson,+1-877-555-0679,7350 Main Street,Vancouver,CA,Canada,51652,Premium
680,Patricia Garcia,Patricia,Garcia,+1-555-0680,1404 Elm Boulevard,Chicago,TX,USA,38337,Premium
681,William Martinez,William,Martinez,+33-1-4104-9485,5110 Main Street,Marseille,,France,48654,Premium
682,John Brown,John,Brown,+33-1-2192-5154,25 Main Street,Marseille,,France,72611,Premium
683,James Williams,James,Williams,+44-20-3804-1445,1008 Cedar Lane,Manchester,,UK,81591,Enterprise
684,Elizabeth Brown,Elizabeth,Brown,+61-2-8757-7506,7740 Main Street,Brisbane,,Australia,29707,Enterprise
685,Michael Johnson,Michael,Johnson,+44-20-3887-9655,857 Elm Boulevard,Birmingham,,UK,59792,Enterprise
686,William Rodriguez,William,Rodriguez,+33-1-5632-7455,6696 Oak Avenue,Marseille,,France,78324,Premium
687,Linda Brown,Linda,Brown,+44-20-9651-6570,9233 Cedar Lane,Manchester,,UK,56636,Premium
688,James Williams,James,Williams,+33-1-1164-1303,9103 Main Street,Marseille,,France,46439,Regular
689,John Williams,John,Williams,+33-1-9791-6522,2870 Maple Road,Paris,,France,93212,Enterprise
690,John Rodriguez,John,Rodriguez,+49-30-1340-147,8519 Elm Boulevard,Munich,,Germany,73503,Enterprise
691,William Garcia,William,Garcia,+61-2-4313-4630,3561 Main Street,Sydney,,Australia,72312,Enterprise
692,Robert Jones,Robert,Jones,+61-2-6487-3070,5857 Cedar Lane,Brisbane,,Australia,97135,Regular
693,William Brown,William,Brown,+33-1-8013-2183,8602 Oak Avenue,Marseille,,France,51533,Premium
694,Elizabeth Johnson,Elizabeth,Johnson,+33-1-9601-3318,2648 Cedar Lane,Paris,,France,45909,Premium
695,Jennifer Rodriguez,Jennifer,Rodriguez,+1-555-0695,8293 Maple Road,Houston,TX,USA,48916,Regular
696,Michael Martinez,Michael,Martinez,+1-555-0696,8274 Main Street,Houston,QC,USA,30118,Enterprise
697,Robert Jones,Robert,Jones,+33-1-9383-4058,7133 Maple Road,Lyon,,France,10971,Premium
698,Robert Johnson,Robert,Johnson,+81-3-3079-4571,1505 Pine Street,Osaka,,Japan,65681,Premium
699,Linda Brown,Linda,Brown,+33-1-6557-1962,8864 Maple Road,Paris,,France,72556,Enterprise
700,William Martinez,William,Martinez,+33-1-3684-2021,6767 Maple Road,Paris,,France,64913,Enterprise
701,Patricia Johnson,Patricia,Johnson,+61-2-5432-5657,2624 Pine Street,Sydney,,Australia,60326,Enterprise
702,James Johnson,James,Johnson,+1-555-0702,4289 Elm Boulevard,Los Angeles,CA,USA,47171,Enterprise
703,Elizabeth Brown,Elizabeth,Brown,+1-555-0703,2674 Elm Boulevard,Houston,BC,USA,63481,Regular
704,Elizabeth Jones,Elizabeth,Jones,+33-1-1034-9727,9545 Main Street,Lyon,,France,58619,Enterprise
705,Mary Martinez,Mary,Martinez,+1-555-0705,2902 Pine Street,Los Angeles,CA,USA,95495,Regular
706,Patricia Williams,Patricia,Williams,+81-3-1130-7776,8268 Main Street,Osaka,,Japan,33764,Regular
707,James Rodriguez,James,Rodriguez,+1-555-0707,6696 Cedar Lane,New York,ON,USA,15114,Premium
708,Mary Smith,Mary,Smith,+1-555-0708,66 Pine Street,New York,ON,USA,41801,Premium
709,Patricia Garcia,Patricia,Garcia,+1-555-0709,2460 Cedar Lane,New York,NY,USA,48821,Enterprise
710,James Jones,James,Jones,+33-1-8637-8854,5259 Elm Boulevard,Lyon,,France,22613,Premium
711,Linda Jones,Linda,Jones,+61-2-1076-6339,4425 Main Street,Melbourne,,Australia,87325,Regular
712,William Brown,William,Brown,+81-3-5412-6934,2507 Main Street,Kyoto,,Japan,98079,Regular
713,Jennifer Davis,Jennifer,Davis,+44-20-1121-3823,9678 Oak Avenue,London,,UK,42123,Premium
714,Patricia Martinez,Patricia,Martinez,+44-20-8418-4243,5640 Main Street,Birmingham,,UK,83826,Premium
715,John Williams,John,Williams,+1-753-555-0715,1620 Main Street,Montreal,BC,Canada,97951,Regular
716,Linda Garcia,Linda,Garcia,+81-3-1247-7577,5444 Oak Avenue,Osaka,,Japan,89335,Premium
717,Michael Williams,Michael,Williams,+1-942-555-0717,6726 Cedar Lane,Vancouver,CA,Canada,36959,Regular
718,Mary Rodriguez,Mary,Rodriguez,+61-2-3172-2702,362 Pine Street,Brisbane,,Australia,59033,Enterprise
719,Robert Davis,Robert,Davis,+1-502-555-0719,3807 Main Street,Toronto,ON,Canada,72034,Regular
720,Linda Williams,Linda,Williams,+49-30-7890-842,3753 Maple Road,Hamburg,,Germany,51780,Premium
721,Mary Smith,Mary,Smith,+1-555-0721,2874 Elm Boulevard,Houston,TX,USA,20224,Enterprise
722,Robert Brown,Robert,Brown,+1-555-0722,4486 Main Street,New York,QC,USA,42887,Regular
723,Jennifer Jones,Jennifer,Jones,+1-555-0723,2818 Cedar Lane,New York,CA,USA,78896,Premium
724,Jennifer Davis,Jennifer,Davis,+81-3-1544-4500,5120 Main Street,Tokyo,,Japan,21460,Premium
725,Mary Smith,Mary,Smith,+81-3-1902-6522,3177 Cedar Lane,Osaka,,Japan,38833,Enterprise
726,Jennifer Miller,Jennifer,Miller,+44-20-9577-2632,7392 Main Street,Manchester,,UK,72072,Regular
727,John Jones,John,Jones,+1-555-0727,1265 Pine Street,Chicago,BC,USA,32498,Enterprise
728,Michael Jones,Michael,Jones,+44-20-6045-1350,375 Oak Avenue,London,,UK,92508,Enterprise
729,William Rodriguez,William,Rodriguez,+1-247-555-0729,1377 Maple Road,Toronto,QC,Canada,85291,Regular
730,Elizabeth Williams,Elizabeth,Williams,+33-1-2299-8700,8527 Maple Road,Marseille,,France,37400,Regular
731,Michael Davis,Michael,Davis,+44-20-7091-6887,8835 Main Street,Birmingham,,UK,58309,Regular
732,Jennifer Smith,Jennifer,Smith,+1-555-0732,4905 Elm Boulevard,New York,NY,USA,74054,Enterprise
733,Linda Johnson,Linda,Johnson,+49-30-3460-302,254 Cedar Lane,Munich,,Germany,78658,Premium
734,William Williams,William,Williams,+81-3-1324-5311,6298 Oak Avenue,Tokyo,,Japan,52983,Premium
735,Robert Jones,Robert,Jones,+61-2-3360-7990,4849 Cedar Lane,Sydney,,Australia,15845,Regular
736,Jennifer Garcia,Jennifer,Garcia,+1-555-0736,673 Maple Road,Houston,TX,USA,74705,Enterprise
737,John Martinez,John,Martinez,+33-1-6241-3618,4588 Pine Street,Marseille,,France,86134,Enterprise
738,Robert Smith,Robert,Smith,+33-1-2236-2623,6987 Elm Boulevard,Lyon,,France,70798,Premium
739,James Rodriguez,James,Rodriguez,+33-1-9260-4585,1835 Maple Road,Marseille,,France,24456,Premium
740,Robert Martinez,Robert,Martinez,+49-30-2195-980,5791 Pine Street,Munich,,Germany,50751,Premium
741,William Johnson,William,Johnson,+1-555-0741,2604 Oak Avenue,Houston,TX,USA,83366,Regular
742,William Miller,William,Miller,+49-30-8843-844,2086 Maple Road,Munich,,Germany,68982,Premium
743,Elizabeth Jones,Elizabeth,Jones,+33-1-4363-2201,3936 Pine Street,Lyon,,France,43645,Premium
744,Mary Smith,Mary,Smith,+81-3-2951-3543,320 Elm Boulevard,Osaka,,Japan,88229,Enterprise
745,James Williams,James,Williams,+1-555-0745,5283 Elm Boulevard,Houston,TX,USA,21419,Enterprise
746,Jennifer Smith,Jennifer,Smith,+49-30-8556-654,973 Elm Boulevard,Hamburg,,Germany,84326,Regular
747,William Miller,William,Miller,+61-2-4382-1882,9281 Elm Boulevard,Brisbane,,Australia,25771,Enterprise
748,William Johnson,William,Johnson,+33-1-3409-6774,7833 Pine Street,Paris,,France,96540,Premium
749,Robert Brown,Robert,Brown,+81-3-2704-1159,776 Main Street,Kyoto,,Japan,67966,Premium
750,Linda Smith,Linda,Smith,+44-20-4067-4214,3458 Cedar Lane,Manchester,,UK,48077,Premium
751,John Rodriguez,John,Rodriguez,+81-3-9292-6231,4177 Maple Road,Tokyo,,Japan,96215,Enterprise
752,Robert Smith,Robert,Smith,+44-20-3123-4150,7095 Main Street,Manchester,,UK,51300,Regular
753,Elizabeth Brown,Elizabeth,Brown,+49-30-8861-595,2765 Pine Street,Munich,,Germany,15752,Regular
754,Linda Davis,Linda,Davis,+44-20-4305-5339,6058 Main Street,Birmingham,,UK,13597,Premium
755,Elizabeth Garcia,Elizabeth,Garcia,+1-758-555-0755,6448 Pine Street,Vancouver,QC,Canada,30371,Premium
756,William Smith,William,Smith,+1-520-555-0756,2395 Pine Street,Vancouver,CA,Canada,17616,Premium
757,John Jones,John,Jones,+33-1-6582-2378,8463 Cedar Lane,Marseille,,France,74433,Enterprise
758,Michael Davis,Michael,Davis,+81-3-9773-4919,2216 Cedar Lane,Tokyo,,Japan,28239,Regular
759,Robert Brown,Robert,Brown,+1-323-555-0759,8306 Maple Road,Toronto,BC,Canada,22795,Regular
760,Mary Jones,Mary,Jones,+81-3-7105-9268,5101 Elm Boulevard,Osaka,,Japan,99199,Enterprise
761,John Garcia,John,Garcia,+81-3-1608-8590,2391 Main Street,Tokyo,,Japan,18033,Regular
762,Robert Miller,Robert,Miller,+33-1-6085-6183,9478 Pine Street,Marseille,,France,17546,Enterprise
763,Linda Davis,Linda,Davis,+1-410-555-0763,6756 Maple Road,Toronto,NY,Canada,51029,Regular
764,Michael Smith,Michael,Smith,+1-659-555-0764,7400 Pine Street,Toronto,CA,Canada,56099,Regular
765,Linda Smith,Linda,Smith,+1-555-0765,4828 Elm Boulevard,Houston,TX,USA,24185,Premium
766,Linda Smith,Linda,Smith,+81-3-5851-1817,8703 Main Street,Osaka,,Japan,95785,Enterprise
767,William Jones,William,Jones,+61-2-5710-8570,5640 Pine Street,Sydney,,Australia,32252,Premium
768,William Brown,William,Brown,+1-264-555-0768,7081 Pine Street,Vancouver,NY,Canada,85057,Enterprise
769,Patricia Brown,Patricia,Brown,+61-2-9050-4408,8996 Maple Road,Sydney,,Australia,22807,Regular
770,James Johnson,James,Johnson,+44-20-2099-4719,8158 Cedar Lane,London,,UK,32720,Premium
771,Patricia Rodriguez,Patricia,Rodriguez,+81-3-5995-3291,7308 Pine Street,Kyoto,,Japan,99334,Regular
772,William Williams,William,Williams,+61-2-9569-7263,4688 Oak Avenue,Brisbane,,Australia,52522,Regular
773,John Williams,John,Williams,+61-2-8117-6315,4724 Elm Boulevard,Brisbane,,Australia,26924,Regular
774,William Davis,William,Davis,+33-1-9329-9309,9813 Pine Street,Lyon,,France,20723,Regular
775,John Martinez,John,Martinez,+33-1-6827-3642,4917 Main Street,Paris,,France,19259,Enterprise
776,Robert Rodriguez,Robert,Rodriguez,+44-20-3464-9421,3237 Oak Avenue,Manchester,,UK,35108,Premium
777,Jennifer Miller,Jennifer,Miller,+61-2-2926-2456,5581 Main Street,Brisbane,,Australia,55760,Enterprise
778,Patricia Martinez,Patricia,Martinez,+61-2-9127-4619,5553 Main Street,Melbourne,,Australia,20430,Premium
779,Jennifer Davis,Jennifer,Davis,+61-2-5358-5517,5192 Cedar Lane,Melbourne,,Australia,55740,Premium
780,Linda Williams,Linda,Williams,+49-30-2122-427,7360 Cedar Lane,Berlin,,Germany,95668,Enterprise
781,Patricia Brown,Patricia,Brown,+49-30-4823-626,434 Main Street,Munich,,Germany,45745,Enterprise
782,Linda Johnson,Linda,Johnson,+33-1-6350-7087,8817 Elm Boulevard,Paris,,France,10980,Enterprise
783,Michael Smith,Michael,Smith,+49-30-9747-665,763 Cedar Lane,Munich,,Germany,37284,Enterprise
784,Patricia Williams,Patricia,Williams,+61-2-6392-4784,5755 Oak Avenue,Melbourne,,Australia,93871,Premium
785,William Smith,William,Smith,+33-1-8346-3462,8693 Elm Boulevard,Lyon,,France,93361,Regular
786,Mary Davis,Mary,Davis,+44-20-7484-7248,3807 Pine Street,Manchester,,UK,67315,Enterprise
787,Robert Davis,Robert,Davis,+49-30-1719-774,9268 Main Street,Hamburg,,Germany,70856,Premium
788,Robert Martinez,Robert,Martinez,+61-2-2212-6812,1785 Main Street,Brisbane,,Australia,29998,Premium
789,Jennifer Rodriguez,Jennifer,Rodriguez,+33-1-7214-8217,8968 Maple Road,Marseille,,France,14142,Regular
790,John Rodriguez,John,Rodriguez,+33-1-9479-2453,1517 Cedar Lane,Marseille,,France,86536,Premium
791,Robert Jones,Robert,Jones,+44-20-6292-6350,3332 Oak Avenue,London,,UK,47311,Premium
792,William Smith,William,Smith,+1-740-555-0792,8631 Cedar Lane,Vancouver,ON,Canada,78016,Regular
793,William Smith,William,Smith,+1-555-0793,2989 Cedar Lane,Los Angeles,NY,USA,41879,Regular
794,William Garcia,William,Garcia,+33-1-9988-8334,5759 Maple Road,Lyon,,France,79062,Premium
795,Michael Johnson,Michael,Johnson,+1-863-555-0795,1881 Pine Street,Vancouver,BC,Canada,80183,Regular
796,Linda Miller,Linda,Miller,+49-30-4750-830,1861 Elm Boulevard,Hamburg,,Germany,65496,Regular
797,John Martinez,John,Martinez,+49-30-1984-511,6230 Oak Avenue,Hamburg,,Germany,71953,Premium
798,William Miller,William,Miller,+81-3-2182-6662,3021 Cedar Lane,Osaka,,Japan,31988,Regular
799,William Johnson,William,Johnson,+44-20-9043-2504,7848 Maple Road,Birmingham,,UK,32699,Regular
800,Linda Rodriguez,Linda,Rodriguez,+61-2-9748-8432,9747 Pine Street,Sydney,,Australia,98647,Enterprise
801,John Garcia,John,Garcia,+81-3-8753-1849,2081 Cedar Lane,Kyoto,,Japan,81029,Regular
802,Patricia Davis,Patricia,Davis,+81-3-4258-6485,8018 Elm Boulevard,Tokyo,,Japan,32085,Regular
803,John Brown,John,Brown,+49-30-9248-371,8267 Oak Avenue,Berlin,,Germany,39498,Premium
804,Mary Garcia,Mary,Garcia,+49-30-4058-718,4577 Elm Boulevard,Berlin,,Germany,17699,Enterprise
805,Robert Johnson,Robert,Johnson,+44-20-4466-6895,7309 Elm Boulevard,London,,UK,54323,Premium
806,Mary Jones,Mary,Jones,+1-687-555-0806,4932 Main Street,Toronto,ON,Canada,19964,Premium
807,Mary Miller,Mary,Miller,+81-3-5869-1836,909 Maple Road,Kyoto,,Japan,42557,Premium
808,Robert Rodriguez,Robert,Rodriguez,+81-3-3683-4343,3418 Elm Boulevard,Osaka,,Japan,55374,Enterprise
809,Patricia Johnson,Patricia,Johnson,+81-3-5225-1415,5942 Cedar Lane,Osaka,,Japan,35894,Regular
810,Elizabeth Garcia,Elizabeth,Garcia,+44-20-7723-2557,92 Pine Street,Manchester,,UK,53569,Premium
811,John Martinez,John,Martinez,+1-579-555-0811,9814 Cedar Lane,Vancouver,BC,Canada,85523,Premium
812,Robert Davis,Robert,Davis,+81-3-8906-2222,6757 Oak Avenue,Kyoto,,Japan,84910,Regular
813,Patricia Davis,Patricia,Davis,+49-30-4841-962,3822 Pine Street,Hamburg,,Germany,31019,Premium
814,William Johnson,William,Johnson,+33-1-5941-3757,50 Pine Street,Marseille,,France,51132,Enterprise
815,Michael Garcia,Michael,Garcia,+49-30-1766-244,5376 Maple Road,Berlin,,Germany,64582,Enterprise
816,Patricia Davis,Patricia,Davis,+33-1-8466-4579,6279 Elm Boulevard,Marseille,,France,25421,Premium
817,Patricia Martinez,Patricia,Martinez,+33-1-6292-9955,1711 Elm Boulevard,Lyon,,France,22522,Regular
818,Patricia Martinez,Patricia,Martinez,+61-2-4929-3121,728 Cedar Lane,Sydney,,Australia,13153,Premium
819,James Johnson,James,Johnson,+61-2-4750-7621,4447 Main Street,Brisbane,,Australia,63070,Enterprise
820,Linda Martinez,Linda,Martinez,+1-705-555-0820,3264 Maple Road,Montreal,BC,Canada,15813,Enterprise
821,James Smith,James,Smith,+49-30-2404-581,1561 Elm Boulevard,Hamburg,,Germany,47884,Premium
822,Linda Jones,Linda,Jones,+33-1-7925-6183,8450 Pine Street,Paris,,France,71338,Regular
823,William Brown,William,Brown,+49-30-3634-623,4519 Maple Road,Munich,,Germany,41759,Regular
824,William Jones,William,Jones,+1-555-0824,6868 Main Street,New York,TX,USA,78077,Enterprise
825,William Garcia,William,Garcia,+1-555-0825,8748 Main Street,New York,ON,USA,39435,Premium
826,Robert Williams,Robert,Williams,+33-1-6092-4168,3429 Pine Street,Lyon,,France,92547,Premium
827,Robert Garcia,Robert,Garcia,+1-272-555-0827,8472 Cedar Lane,Toronto,QC,Canada,34090,Regular
828,Michael Davis,Michael,Davis,+81-3-4574-1705,602 Main Street,Tokyo,,Japan,28144,Premium
829,William Brown,William,Brown,+44-20-2704-1788,974 Oak Avenue,London,,UK,85877,Enterprise
830,Michael Brown,Michael,Brown,+1-555-0830,6276 Elm Boulevard,Chicago,TX,USA,25666,Regular
831,William Brown,William,Brown,+44-20-8939-2122,394 Cedar Lane,Manchester,,UK,90758,Enterprise
832,Michael Davis,Michael,Davis,+1-555-0832,445 Elm Boulevard,New York,TX,USA,11041,Enterprise
833,Elizabeth Williams,Elizabeth,Williams,+1-555-0833,8172 Pine Street,New York,BC,USA,37564,Regular
834,Linda Williams,Linda,Williams,+61-2-6803-5829,578 Oak Avenue,Brisbane,,Australia,33831,Premium
835,James Martinez,James,Martinez,+61-2-7885-4588,1561 Maple Road,Brisbane,,Australia,76197,Regular
836,Mary Miller,Mary,Miller,+1-555-0836,5718 Maple Road,Chicago,TX,USA,78570,Enterprise
837,Mary Brown,Mary,Brown,+61-2-6491-1747,250 Maple Road,Melbourne,,Australia,52030,Premium
838,John Smith,John,Smith,+49-30-6404-370,4031 Main Street,Berlin,,Germany,26722,Regular
839,Robert Garcia,Robert,Garcia,+1-555-0839,907 Main Street,Chicago,ON,USA,92929,Enterprise
840,William Miller,William,Miller,+1-555-0840,9515 Elm Boulevard,Chicago,ON,USA,56661,Regular
841,Jennifer Garcia,Jennifer,Garcia,+49-30-2995-526,1699 Maple Road,Berlin,,Germany,69991,Premium
842,James Miller,James,Miller,+44-20-1567-9373,6547 Main Street,Manchester,,UK,99099,Regular
843,Mary Rodriguez,Mary,Rodriguez,+81-3-3413-3529,9071 Oak Avenue,Kyoto,,Japan,33190,Regular
844,James Martinez,James,Martinez,+1-578-555-0844,5144 Pine Street,Montreal,CA,Canada,17268,Regular
845,William Rodriguez,William,Rodriguez,+33-1-9873-9444,6673 Main Street,Lyon,,France,78231,Premium
846,Linda Garcia,Linda,Garcia,+61-2-8989-3528,9066 Oak Avenue,Brisbane,,Australia,46976,Enterprise
847,Elizabeth Miller,Elizabeth,Miller,+1-555-0847,7119 Cedar Lane,Chicago,BC,USA,35451,Enterprise
848,Mary Garcia,Mary,Garcia,+81-3-8274-1125,6901 Oak Avenue,Tokyo,,Japan,82206,Enterprise
849,Jennifer Garcia,Jennifer,Garcia,+1-555-0849,5041 Cedar Lane,New York,QC,USA,88925,Premium
850,James Jones,James,Jones,+1-555-0850,1673 Oak Avenue,Houston,TX,USA,66400,Enterprise
851,Robert Davis,Robert,Davis,+81-3-8892-2214,5494 Oak Avenue,Tokyo,,Japan,67857,Enterprise
852,Elizabeth Martinez,Elizabeth,Martinez,+61-2-7396-8132,8679 Cedar Lane,Melbourne,,Australia,78767,Regular
853,Jennifer Jones,Jennifer,Jones,+33-1-2533-5345,9227 Elm Boulevard,Lyon,,France,24708,Enterprise
854,Elizabeth Williams,Elizabeth,Williams,+49-30-2190-869,5333 Main Street,Berlin,,Germany,31329,Regular
855,Robert Garcia,Robert,Garcia,+33-1-2026-5895,1474 Maple Road,Marseille,,France,95541,Enterprise
856,Linda Johnson,Linda,Johnson,+81-3-3459-8310,170 Pine Street,Kyoto,,Japan,49240,Regular
857,Mary Rodriguez,Mary,Rodriguez,+81-3-7721-8947,7097 Oak Avenue,Tokyo,,Japan,28920,Premium
858,Michael Miller,Michael,Miller,+61-2-7825-2252,2261 Cedar Lane,Brisbane,,Australia,17838,Premium
859,Elizabeth Martinez,Elizabeth,Martinez,+1-909-555-0859,1666 Maple Road,Vancouver,NY,Canada,51344,Enterprise
860,Elizabeth Miller,Elizabeth,Miller,+33-1-2885-8333,6412 Pine Street,Lyon,,France,25170,Premium
861,Robert Martinez,Robert,Martinez,+1-432-555-0861,2515 Oak Avenue,Toronto,TX,Canada,71021,Premium
862,Jennifer Garcia,Jennifer,Garcia,+1-895-555-0862,9709 Oak Avenue,Montreal,QC,Canada,95845,Enterprise
863,John Rodriguez,John,Rodriguez,+44-20-6794-3260,132 Oak Avenue,Birmingham,,UK,13982,Enterprise
864,Mary Garcia,Mary,Garcia,+44-20-9599-2873,1709 Oak Avenue,London,,UK,30452,Enterprise
865,John Martinez,John,Martinez,+81-3-9881-5490,5655 Cedar Lane,Tokyo,,Japan,72370,Enterprise
866,Jennifer Smith,Jennifer,Smith,+61-2-7185-6126,3056 Pine Street,Sydney,,Australia,90532,Regular
867,William Miller,William,Miller,+49-30-6530-645,3822 Elm Boulevard,Berlin,,Germany,68007,Regular
868,William Miller,William,Miller,+81-3-1435-3824,9830 Elm Boulevard,Tokyo,,Japan,57346,Enterprise
869,Mary Davis,Mary,Davis,+61-2-9235-9441,4363 Maple Road,Sydney,,Australia,28553,Enterprise
870,Mary Miller,Mary,Miller,+49-30-7711-931,5394 Cedar Lane,Munich,,Germany,81691,Enterprise
871,Patricia Brown,Patricia,Brown,+49-30-9756-129,8097 Pine Street,Munich,,Germany,57556,Regular
872,Elizabeth Davis,Elizabeth,Davis,+49-30-3977-853,9467 Cedar Lane,Berlin,,Germany,33618,Regular
873,Robert Miller,Robert,Miller,+44-20-5636-9284,1955 Main Street,Manchester,,UK,32200,Enterprise
874,Elizabeth Brown,Elizabeth,Brown,+33-1-1493-3175,4705 Cedar Lane,Paris,,France,41491,Enterprise
875,William Davis,William,Davis,+49-30-8617-898,1481 Oak Avenue,Munich,,Germany,16623,Regular
876,Patricia Smith,Patricia,Smith,+1-981-555-0876,2379 Pine Street,Toronto,BC,Canada,49900,Enterprise
877,Robert Garcia,Robert,Garcia,+33-1-6986-6527,9369 Oak Avenue,Lyon,,France,40222,Enterprise
878,Elizabeth Rodriguez,Elizabeth,Rodriguez,+49-30-6172-178,1378 Cedar Lane,Berlin,,Germany,70089,Premium
879,Jennifer Smith,Jennifer,Smith,+44-20-6650-4285,3681 Oak Avenue,Birmingham,,UK,34350,Premium
880,Jennifer Jones,Jennifer,Jones,+1-555-0880,4917 Oak Avenue,New York,CA,USA,59268,Enterprise
881,John Brown,John,Brown,+33-1-8528-4215,5106 Main Street,Lyon,,France,67390,Enterprise
882,Linda Brown,Linda,Brown,+33-1-3944-1961,1797 Elm Boulevard,Marseille,,France,85362,Regular
883,Michael Johnson,Michael,Johnson,+81-3-3692-7313,9142 Main Street,Kyoto,,Japan,64645,Enterprise
884,Elizabeth Davis,Elizabeth,Davis,+81-3-4553-7405,260 Pine Street,Kyoto,,Japan,92574,Enterprise
885,Michael Williams,Michael,Williams,+1-555-0885,8848 Oak Avenue,New York,ON,USA,22117,Enterprise
886,Mary Smith,Mary,Smith,+49-30-8965-311,8932 Pine Street,Hamburg,,Germany,49336,Enterprise
887,William Martinez,William,Martinez,+49-30-4068-332,8694 Maple Road,Hamburg,,Germany,88633,Regular
888,Mary Johnson,Mary,Johnson,+33-1-3791-3087,9098 Main Street,Marseille,,France,51563,Enterprise
889,Jennifer Martinez,Jennifer,Martinez,+49-30-2809-355,3043 Main Street,Munich,,Germany,84138,Enterprise
890,Elizabeth Garcia,Elizabeth,Garcia,+1-682-555-0890,2610 Pine Street,Toronto,CA,Canada,43564,Enterprise
891,James Martinez,James,Martinez,+33-1-6641-6466,8689 Elm Boulevard,Lyon,,France,74548,Enterprise
892,Patricia Williams,Patricia,Williams,+1-555-0892,8774 Maple Road,New York,ON,USA,69569,Regular
893,Mary Williams,Mary,Williams,+33-1-2971-9254,6215 Pine Street,Lyon,,France,76916,Regular
894,Patricia Johnson,Patricia,Johnson,+1-475-555-0894,2538 Maple Road,Montreal,NY,Canada,30277,Regular
895,John Johnson,John,Johnson,+44-20-8256-2863,6363 Pine Street,Manchester,,UK,59682,Enterprise
896,Elizabeth Garcia,Elizabeth,Garcia,+33-1-2352-4522,3221 Maple Road,Paris,,France,73552,Premium
897,Linda Smith,Linda,Smith,+44-20-6264-5726,3290 Pine Street,London,,UK,31360,Premium
898,Michael Johnson,Michael,Johnson,+81-3-3175-4374,8518 Maple Road,Tokyo,,Japan,57387,Regular
899,James Rodriguez,James,Rodriguez,+49-30-7182-909,8914 Cedar Lane,Berlin,,Germany,18597,Premium
900,William Davis,William,Davis,+1-555-0900,6627 Elm Boulevard,Los Angeles,CA,USA,64400,Regular
901,Jennifer Rodriguez,Jennifer,Rodriguez,+33-1-7600-9117,8197 Oak Avenue,Marseille,,France,74909,Regular
902,Mary Jones,Mary,Jones,+44-20-4966-4101,2675 Cedar Lane,Manchester,,UK,88770,Premium
903,John Davis,John,Davis,+33-1-1569-4478,7529 Oak Avenue,Lyon,,France,67372,Premium
904,John Johnson,John,Johnson,+1-860-555-0904,591 Pine Street,Toronto,TX,Canada,85867,Regular
905,Robert Rodriguez,Robert,Rodriguez,+1-350-555-0905,8853 Elm Boulevard,Vancouver,CA,Canada,91764,Enterprise
906,Linda Miller,Linda,Miller,+61-2-6384-7486,8982 Main Street,Brisbane,,Australia,64602,Premium
907,Linda Williams,Linda,Williams,+81-3-6522-8081,2450 Pine Street,Tokyo,,Japan,27112,Premium
908,James Brown,James,Brown,+49-30-6571-252,8971 Elm Boulevard,Hamburg,,Germany,42484,Premium
909,Michael Miller,Michael,Miller,+1-555-0909,6167 Cedar Lane,New York,BC,USA,91913,Premium
910,Michael Williams,Michael,Williams,+81-3-4083-9825,3240 Oak Avenue,Kyoto,,Japan,47052,Regular
911,Elizabeth Brown,Elizabeth,Brown,+44-20-9483-1166,2752 Maple Road,London,,UK,93232,Premium
912,Jennifer Davis,Jennifer,Davis,+81-3-2427-5966,5 Cedar Lane,Tokyo,,Japan,43174,Regular
913,Jennifer Miller,Jennifer,Miller,+81-3-7502-8514,6406 Main Street,Kyoto,,Japan,72372,Regular
914,James Johnson,James,Johnson,+33-1-5310-4989,9969 Maple Road,Lyon,,France,69293,Regular
915,Michael Smith,Michael,Smith,+49-30-6771-967,7234 Maple Road,Berlin,,Germany,79163,Regular
916,Jennifer Garcia,Jennifer,Garcia,+44-20-3337-3850,7063 Pine Street,London,,UK,24554,Enterprise
917,Robert Garcia,Robert,Garcia,+1-420-555-0917,686 Main Street,Toronto,ON,Canada,64866,Premium
918,James Davis,James,Davis,+1-555-0918,6948 Oak Avenue,New York,ON,USA,39119,Enterprise
919,Linda Jones,Linda,Jones,+61-2-1852-6264,1397 Cedar Lane,Brisbane,,Australia,48026,Regular
920,James Rodriguez,James,Rodriguez,+61-2-2218-5992,2350 Oak Avenue,Brisbane,,Australia,30882,Premium
921,Robert Garcia,Robert,Garcia,+1-555-0921,9970 Maple Road,New York,ON,USA,94471,Enterprise
922,William Smith,William,Smith,+81-3-6235-6453,6940 Cedar Lane,Osaka,,Japan,63426,Regular
923,Linda Brown,Linda,Brown,+49-30-2235-583,3516 Elm Boulevard,Munich,,Germany,79621,Regular
924,William Smith,William,Smith,+44-20-5709-1782,6572 Cedar Lane,London,,UK,57577,Enterprise
925,Linda Williams,Linda,Williams,+49-30-8141-471,6661 Main Street,Munich,,Germany,86476,Premium
926,Linda Davis,Linda,Davis,+1-555-0926,3733 Cedar Lane,Los Angeles,QC,USA,69881,Regular
927,Michael Rodriguez,Michael,Rodriguez,+44-20-4776-5880,9855 Cedar Lane,Manchester,,UK,45225,Regular
928,Michael Jones,Michael,Jones,+33-1-1963-4010,9479 Elm Boulevard,Marseille,,France,29727,Premium
929,Michael Johnson,Michael,Johnson,+33-1-1801-2134,6249 Oak Avenue,Marseille,,France,57399,Premium
930,William Davis,William,Davis,+81-3-4363-4317,9751 Oak Avenue,Osaka,,Japan,14736,Enterprise
931,John Miller,John,Miller,+81-3-8111-6643,5335 Cedar Lane,Osaka,,Japan,25390,Premium
932,Linda Miller,Linda,Miller,+44-20-7150-5770,3484 Maple Road,Birmingham,,UK,75893,Enterprise
933,William Brown,William,Brown,+33-1-6873-1741,2100 Elm Boulevard,Lyon,,France,90859,Premium
934,Elizabeth Rodriguez,Elizabeth,Rodriguez,+1-555-0934,3692 Pine Street,Houston,NY,USA,33336,Premium
935,Elizabeth Garcia,Elizabeth,Garcia,+1-633-555-0935,3823 Cedar Lane,Montreal,BC,Canada,64375,Regular
936,Elizabeth Smith,Elizabeth,Smith,+44-20-9664-7030,2547 Oak Avenue,Manchester,,UK,32384,Enterprise
937,Mary Williams,Mary,Williams,+81-3-1025-1729,3420 Elm Boulevard,Tokyo,,Japan,14280,Regular
938,Elizabeth Davis,Elizabeth,Davis,+44-20-4787-7774,6403 Cedar Lane,Manchester,,UK,49180,Regular
939,Elizabeth Williams,Elizabeth,Williams,+61-2-9362-9420,6068 Elm Boulevard,Sydney,,Australia,20180,Premium
940,Linda Martinez,Linda,Martinez,+44-20-6018-1169,4076 Pine Street,London,,UK,74171,Regular
941,Michael Garcia,Michael,Garcia,+81-3-6926-2950,8330 Pine Street,Osaka,,Japan,50789,Regular
942,Linda Brown,Linda,Brown,+1-555-0942,481 Cedar Lane,Chicago,CA,USA,53736,Premium
943,Linda Brown,Linda,Brown,+1-445-555-0943,4526 Elm Boulevard,Toronto,NY,Canada,19878,Premium
944,William Jones,William,Jones,+1-555-0944,9321 Cedar Lane,Chicago,BC,USA,85168,Regular
945,Patricia Jones,Patricia,Jones,+81-3-4771-5099,1855 Maple Road,Kyoto,,Japan,53429,Premium
946,Mary Williams,Mary,Williams,+61-2-5479-9877,3035 Main Street,Brisbane,,Australia,11241,Enterprise
947,Elizabeth Brown,Elizabeth,Brown,+1-555-0947,8296 Pine Street,Chicago,QC,USA,92594,Regular
948,Jennifer Williams,Jennifer,Williams,+49-30-5229-394,2786 Elm Boulevard,Hamburg,,Germany,84320,Enterprise
949,Robert Rodriguez,Robert,Rodriguez,+61-2-5143-2325,2448 Cedar Lane,Brisbane,,Australia,61218,Premium
950,Michael Smith,Michael,Smith,+33-1-9072-6406,3451 Maple Road,Marseille,,France,58118,Enterprise
951,Elizabeth Miller,Elizabeth,Miller,+49-30-6083-804,4753 Pine Street,Munich,,Germany,36529,Regular
952,Robert Williams,Robert,Williams,+1-555-0952,3538 Cedar Lane,Los Angeles,QC,USA,91289,Enterprise
953,Michael Rodriguez,Michael,Rodriguez,+61-2-4759-9155,4967 Pine Street,Sydney,,Australia,36966,Premium
954,Patricia Davis,Patricia,Davis,+1-251-555-0954,844 Elm Boulevard,Montreal,QC,Canada,46099,Premium
955,Patricia Rodriguez,Patricia,Rodriguez,+33-1-2648-5639,9620 Main Street,Lyon,,France,78723,Premium
956,Robert Miller,Robert,Miller,+44-20-3050-7380,2355 Maple Road,London,,UK,57785,Enterprise
957,Linda Martinez,Linda,Martinez,+1-949-555-0957,2051 Elm Boulevard,Vancouver,NY,Canada,53206,Enterprise
958,Jennifer Garcia,Jennifer,Garcia,+44-20-2720-5706,4893 Cedar Lane,London,,UK,27080,Premium
959,Linda Brown,Linda,Brown,+1-555-0959,1417 Oak Avenue,New York,CA,USA,54679,Enterprise
960,Mary Brown,Mary,Brown,+33-1-4642-7929,7673 Oak Avenue,Marseille,,France,56370,Regular
961,Jennifer Smith,Jennifer,Smith,+49-30-4900-837,2742 Pine Street,Berlin,,Germany,86089,Premium
962,Michael Rodriguez,Michael,Rodriguez,+33-1-1365-5237,2632 Maple Road,Paris,,France,44108,Premium
963,Patricia Garcia,Patricia,Garcia,+61-2-3323-5958,465 Cedar Lane,Melbourne,,Australia,82363,Regular
964,Robert Williams,Robert,Williams,+33-1-8120-9023,4649 Elm Boulevard,Lyon,,France,34377,Premium
965,Elizabeth Garcia,Elizabeth,Garcia,+49-30-3754-557,7909 Oak Avenue,Berlin,,Germany,40590,Premium
966,Mary Garcia,Mary,Garcia,+33-1-4285-6528,7012 Cedar Lane,Marseille,,France,35981,Regular
967,Robert Rodriguez,Robert,Rodriguez,+61-2-7733-7875,1804 Elm Boulevard,Brisbane,,Australia,54885,Regular
968,William Johnson,William,Johnson,+81-3-5095-7765,6592 Maple Road,Osaka,,Japan,16522,Regular
969,Mary Williams,Mary,Williams,+1-555-0969,9174 Oak Avenue,Houston,TX,USA,68858,Enterprise
970,William Smith,William,Smith,+33-1-9815-5646,4246 Main Street,Lyon,,France,44730,Regular
971,Patricia Davis,Patricia,Davis,+49-30-3957-619,7589 Elm Boulevard,Munich,,Germany,80912,Enterprise
972,Michael Davis,Michael,Davis,+1-555-0972,1016 Oak Avenue,Chicago,CA,USA,43758,Enterprise
973,John Rodriguez,John,Rodriguez,+44-20-1945-5762,7238 Pine Street,London,,UK,83968,Premium
974,Mary Davis,Mary,Davis,+33-1-5362-6589,4688 Elm Boulevard,Marseille,,France,48051,Enterprise
975,Mary Jones,Mary,Jones,+44-20-5087-3484,6230 Cedar Lane,Birmingham,,UK,73822,Enterprise
976,Mary Smith,Mary,Smith,+49-30-6258-172,7109 Main Street,Berlin,,Germany,90124,Regular
977,James Martinez,James,Martinez,+1-210-555-0977,1897 Elm Boulevard,Montreal,BC,Canada,38553,Regular
978,Elizabeth Smith,Elizabeth,Smith,+49-30-4537-288,5106 Oak Avenue,Munich,,Germany,53642,Premium
979,Mary Jones,Mary,Jones,+44-20-5996-5813,5668 Main Street,Birmingham,,UK,54499,Premium
980,Jennifer Garcia,Jennifer,Garcia,+1-668-555-0980,1102 Oak Avenue,Vancouver,TX,Canada,19314,Enterprise
981,James Jones,James,Jones,+49-30-6806-463,1040 Main Street,Munich,,Germany,27254,Premium
982,Robert Brown,Robert,Brown,+49-30-8495-200,1060 Main Street,Berlin,,Germany,67772,Premium
983,Linda Miller,Linda,Miller,+81-3-6622-4257,468 Elm Boulevard,Tokyo,,Japan,80118,Enterprise
984,Mary Jones,Mary,Jones,+1-555-0984,4255 Pine Street,Los Angeles,QC,USA,47190,Premium
985,Michael Miller,Michael,Miller,+1-370-555-0985,1980 Pine Street,Toronto,TX,Canada,16946,Premium
986,Mary Williams,Mary,Williams,+61-2-4686-1622,7067 Main Street,Brisbane,,Australia,11097,Regular
987,Elizabeth Miller,Elizabeth,Miller,+1-687-555-0987,9382 Oak Avenue,Vancouver,TX,Canada,70764,Premium
988,John Williams,John,Williams,+81-3-5261-5465,2884 Elm Boulevard,Kyoto,,Japan,28314,Regular
989,Mary Garcia,Mary,Garcia,+1-555-0989,7441 Main Street,Houston,QC,USA,83196,Regular
990,John Davis,John,Davis,+61-2-4269-3693,6263 Maple Road,Sydney,,Australia,35494,Regular
991,Robert Martinez,Robert,Martinez,+33-1-5056-7600,1905 Cedar Lane,Lyon,,France,72462,Enterprise
992,John Rodriguez,John,Rodriguez,+49-30-7092-996,6918 Cedar Lane,Munich,,Germany,78586,Premium
993,Mary Williams,Mary,Williams,+49-30-7009-779,8194 Oak Avenue,Berlin,,Germany,81561,Premium
994,James Miller,James,Miller,+61-2-1196-6373,8858 Pine Street,Melbourne,,Australia,45906,Regular
995,Michael Davis,Michael,Davis,+33-1-3034-2560,6199 Main Street,Marseille,,France,73804,Enterprise
996,Jennifer Williams,Jennifer,Williams,+1-555-0996,1124 Maple Road,Houston,QC,USA,86131,Enterprise
997,Elizabeth Jones,Elizabeth,Jones,+44-20-3268-7936,3823 Maple Road,Manchester,,UK,85040,Premium
998,Jennifer Williams,Jennifer,Williams,+1-555-0998,4772 Elm Boulevard,Los Angeles,ON,USA,29608,Enterprise
999,Elizabeth Jones,Elizabeth,Jones,+44-20-9352-9715,3208 Main Street,Birmingham,,UK,20680,Enterprise
1000,Mary Brown,Mary,Brown,+61-2-2814-8646,8257 Pine Street,Melbourne,,Australia,71389,Enterprise
